제목,,,
사회과학 잘알기,,,
통합 사회를 잡아라.1 : 행복한 삶과 바람직한 사회,,,
통합 사회를 잡아라.2 : 사회 정의와 미래를 위한 숙제,,,
사회 지식 프라임,,,
열린사회와 그 적들1.1,,,
열린사회와 그 적들2.2,,,
열린사회와 그 적들2.2,,,
열린사회와 그 적들II-헤겔과 마르크스,,,
투명사회,,,
권력이란 무엇인가,,,
유토피스틱스-또는 21세기의 역사적 선택들,,,
가능성의 중심,,,
민중과 지식인,,,
검은 혁명가 말콤X,,,
대화,,,
(에릭 호퍼)길 위의 철학자 : 떠돌이 철학자의 삶에 관한 에피소드 [2017 국어과R&T],,,
오만과 편견,,,
나의 권리를 말한다,,,
신자유주의의 역사와 진실,,,
민주화 이후의 민주주의,,,
민주화 이후의 민주주의,,,
"가족, 사적 소유, 국가의 기원",,,
공산주의의 종언,,,
공산당 선언,,,
칼 마르크스,,,
"(Basic 고교생을 위한)정치,경제 용어사전",,,
(Basic 고교생을 위한)사회 용어사전,,,
Problems from the book:XYZ Series,,,
인물과 사상1.1,,,
인물과 사상2.2,,,
인물과 사상3.3,,,
인물과 사상4.4,,,
인물과 사상5.5,,,
인물과 사상6.6,,,
인물과 사상12.12,,,
인물과 사상21.21,,,
위대한 아웃 사이더,,,
세계화의 원근법,,,
하얀가면의 제국,,,
(7인 7색)21세기를 바꾸는 교양,,,
시대의 양심 20인 세상의 진실을 말하다,,,
(21세기에는 지켜야 할)자존심,,,
경제성장이 안되면 우리는 풍요롭지 못할 것인가,,,
삼성왕국의 게릴라들,,,
거꾸로 생각해봐!세상이 많이 달라보일걸,,,
전환시대의 논리:리영희 평론집,,,
너의 의무를 묻는다,,,
거꾸로 생각해봐!2 세상도 나도 바뀔 수 있어.2,,,
"이장이 된 교수,전원일기를 쓰다",,,
욕망해도 괜찮아,,,
개인주의자 선언,,,
"촘스키, 세상의 물음에 답하다.1 : 권력이 여론을 조작하는 방식에 관하여",,,
"촘스키, 세상의 물음에 답하다.2 : 권력이 세상을 지배하는 방식에 관하여",,,
"촘스키, 세상의 물음에 답하다.3 : 민중이 권력에 저항하는 방식에 관하여",,,
(7인 7색)이십일세기를 바꾸는 교양,,,
일등만 기억하는 더러운 세상,,,
(은하계 최초 잡놈)김어준 평전,,,
상실의 시대,,,
인간증발,,,
인간증발,,,
우리도 사랑할 수 있을까,,,
우리도 사랑할 수 있을까,,,
우리도 사랑할 수 있을까,,,
"사회독서, 세상을 읽는 힘.1 : 인권과 민주주의",,,
"사회독서, 세상을 읽는 힘.2 : 경제와 미디어",,,
"사회독서, 세상을 읽는 힘.3 : 환경과 미래 사회",,,
"수상한 질문, 위험한 생각들",,,
"촘스키, 누가 무엇으로 세상을 지배하는가",,,
스님의 주례사,,,
(수능 최초 400점 만점)오승은의 수능노트,,,
(실제 논문작성을 위한)연구방법론,,,
에SPSS 설문지 조사 방법=SPSS questionnaire survey methods:기본과 활용,,,
"스포츠 자본 약일까, 독일까",,,
"스포츠 윤리, 승리 지상주의의 타개책일까?",,,
엄마도 모르는 우리 아이의 정서지능 1 ; 아이의 인생을 바꾸다.1 : 아이의 인생을 바꾸다,,,
엄마도 모르는 우리 아이의 정서지능 1 ; 아이의 인생을 바꾸다.2 : 아이의 성적표를 바꾸다,,,
엄마도 모르는 우리 아이의 정서지능 1 ; 아이의 인생을 바꾸다.3 : 성공을 설계하다,,,
"공정무역, 왜 필요할까?",,,
"테러, 왜 일어날까?",,,
"중국, 초강대국이 될까?",,,
"이주, 왜 고국을 떠날까?",,,
"비만, 왜 사회 문제가 될까?",,,
"자본주의, 왜 변할까?",,,
에너지 위기 어디까지 왔나?,,,
"미디어의 힘, 견제해야 할까?",,,
"자연재해, 인간과 자연이 공존하는 길은?",,,
"성형 수술, 외모지상주의의 끝은?",,,
사형제도 과연 필요한가?,,,
"군사 개입, 과연 최선인가?",,,
"동물실험, 왜 논란이 될까?",,,
관광산업 지속 가능할까?,,,
"인권, 인간의 권리란 무엇일까?",,,
"소셜 네트워크, 어떻게 바라볼까?",,,
"프라이버시와 감시, 자유냐, 안전이냐?",,,
"낙태, 금지해야 할까?",,,
유전공학 과연 이로울까,,,
피임 인구 조절의 대안일까?,,,
"안락사, 허용해야 할까?",,,
"줄기세포, 꿈의 치료법일까?",,,
"국가 정보 공개, 어디까지 허용해야 할까?",,,
"국제관계, 어떻게 이해해야 할까?",,,
"적정기술, 모두를 위해 지속가능해질까?",,,
엔터테인먼트 산업 어떻게 봐야 할까,,,
"음식문맹, 왜 생겨난 걸까?",,,
정치제도 민주주의가 과연 최선일까?,,,
"세상에 대하여 우리가 더 잘 알아야 할 교양.29 : 리더, 누가 되어야 할까?",,,
맞춤아기 누구의 권리일까,,,
"투표와 선거, 과연 공정할까?",,,
"광고, 그대로 믿어도 될까?",,,
"해양석유시추, 문제는 없는 걸까?",,,
"사이버 폭력, 어떻게 대처할까?",,,
"폭력 범죄, 어떻게 줄일까?",,,
"스포츠 윤리, 승리 지상주의의 타개책일까?",,,
"슈퍼박테리아, 과학으로 해결할 수 있을까?",,,
기아 왜 멈출 수 없을까?,,,
"THE VOTE:투표.2 : 표의 주인, 누구를 위한 투표인가",,,
난민,,,
석유 에너지,,,
식량 불평등,,,
아동 노동,,,
환경 정의,,,
빈곤,,,
혐오와 인권,,,
평화,,,
다문화 사회,,,
세계 시민,,,
"(맞아죽을 각오를 하고 쓴)한국, 한국인 비판",,,
(사회과학적 사고력을 키워 주는)즐거운 사회탐구,,,
그들이 아니라 우리입니다.1,,,
그들이 아니라 우리입니다.2,,,
아시아·태평양,,,
대한민국 강남특별시,,,
(이어령의)가위바위보 文明論,,,
공자가 살아야 나라가 산다,,,
21세기 한국의 조건과 선택,,,
공자가 죽어야 나라가 산다,,,
21세기 한국의 비전과 전략,,,
한국인에게 문화는 있는가,,,
한국인에게 문화는 있는가,,,
대한민국은 있다,,,
콜라 독립을 넘어서,,,
바리에떼,,,
난 몇 퍼센트 한국인일까,,,
첩첩상식,,,
호모 코레아니쿠스,,,
직설,,,
기적을 이룬 나라 기쁨을 잃은 나라,,,
새로운 100년 가슴을 뛰게하는 통일 이야기,,,
팩트체크,,,
비굴의 시대,,,
1퍼센트의 대한민국,,,
친일과 망각,,,
빅 픽처 2017 : 4차 산업혁명과 고립주의의 역설,,,
쉘 위 토크,,,
조선자본주의★공화국★,,,
빛은 어둠을 넘어,,,
전환의 시대,,,
(다음 세대를 위한)북한 안내서,,,
압록강은 다르게 흐른다,,,
생애의 발견,,,
평양의 시간은 서울의 시간과 함께 흐른다,,,
차이니즈 나이트 1.1,,,
차이니즈 나이트 2.2,,,
천안문으로 가는 길,,,
중국이란 코끼리 다루기,,,
(주중 외교관이 경험한)차이나는 중국 이야기,,,
(주중 외교관이 경험한)차이나는 중국 이야기,,,
(중국어뱅크)사진으로 보고 배우는 중국문화,,,
베이징 특파원 중국 문화를 말하다,,,
베이징 특파원 중국 문화를 말하다,,,
일본을 안다구요?,,,
일본은 있다,,,
일본의 본질을 다시 묻는다,,,
반지성주의를 말하다,,,
일본적 마음,,,
지적성숙학교,,,
"인도, 21세기 새로운 강자로 떠오르고 있다",,,
팔레스타인,,,
영미문화 이해,,,
영미문화의 이해와 탐방,,,
스웨덴의 저녁은 오후 4시에 시작된다,,,
스웨덴의 저녁은 오후 4시에 시작된다,,,
좌우는 있어도 위아래는 없다,,,
우리도 행복할 수 있을까,,,
우리도 행복할 수 있을까,,,
우리도 행복할 수 있을까,,,
영국 바꾸지 않아도 행복한 나라,,,
영미문화의 이해,,,
"영국인 발견;문화인류학자 케이트 폭스의 영국, 영국문화읽기 [2016 영어과]",,,
프랑스,,,
똑같은 것은 싫다,,,
(문화와 사회로)발칸유럽 들여다보기,,,
"커피와 인류의 요람, 에티오피아의 초대",,,
"하버드, 그들만의 진실",,,
내가 알고 싶은 인도,,,
힐 더 월드,,,
SPSS를 활용한 현대통계학,,,
통계학,,,
통계적 사고,,,
통계학,,,
New SPSS 프로그램을 활용한 따라하는 통계분석,,,
SPSS 22 매뉴얼 [2015년 국어과],,,
(엑셀로 풀어보는)생활속의 통계학,,,
통계학의 기초,,,
통계학,,,
통계학의 이해,,,
"새빨간 거짓말,통계",,,
통계학의 이해,,,
통계학 길잡이,,,
현대통계학,,,
통계의 미학,,,
통계가 전하는 거짓말,,,
통계라는 이름의 거짓말,,,
(EXCEL을 활용한)통계학,,,
(엑셀을 활용한)통계자료분석 기초편,,,
(그림으로 설명하는 개념 쏙쏙) 통계학,,,
통계의 거짓말,,,
통계의 미학,,,
통계학 들어가기,,,
통계의 거짓말,,,
(빅데이터를 지배하는)통계의 힘,,,
SPSS 20.0 매뉴얼,,,
(SPSS/AMOS를 활용한)알기쉬운 통계분석,,,
(논문작성을 위한)SPSS 통계분석 쉽게 배우기,,,
(SPSS/AMOS를 활용한)알기쉬운 통계분석,,,
석박사학위 및 학술논문 작성 중심의 Amos 23 통계분석 따라하기,,,
(시민을 위한)경제 이야기,,,
신문으로 배우는 경제,,,
(이야기로 배우는)고교생 경제,,,
경제학 산책,,,
죽은 경제학자의 살아있는 아이디어,,,
스무살 이제 경제를 알아야 할 나이,,,
(일반인을 위한)한국은행의 알기 쉬운 경제이야기,,,
(초등학생을 위한)한국은행의 알기 쉬운 경제이야기,,,
(중학생을 위한)한국은행의 알기 쉬운 경제이야기,,,
(고등학생을 위한)한국은행의 알기 쉬운 경제이야기,,,
경제는 나의 힘,,,
한비자의 관계술,,,
"경제 교과서, 세상에 딴지 걸다",,,
경제기사의 바다에 빠져라,,,
생각정리 기술(2014 정보과 R&T),,,
맨큐의 경제학 7판,,,
맨큐의 핵심경제학 7판,,,
맨큐의 경제학 연습문제풀이 7판,,,
경제는 살아있는 인문학이다 [2015년 국어과],,,
꿀잼 경제학,,,
맨큐의 경제학 연습문제풀이 7판 [2016 사회과 R&T],,,
(10대가 묻고 18명의 경제학자가 답하는) 살아 있는 경제학 이야기 [2017 사회과 R&T],,,
재무재표 모르면 주식투자 절대로 하지마라,,,
민주주의.5 : 민주주의의 미래,,,
(고사성어로 보는)스토리 경제학,,,
"모두, 함께, 잘, 산다는 것",,,
거꾸로 경제학자들의 바로 경제학,,,
"칼 마르크스, 자본주의를 말하다",,,
"애덤 스미스, 더불어 잘 사는 세상을 꿈꾸다",,,
미니멀 경제학-세계 경제와 이슈 편,,,
역사는 반복되어야 하는가?,,,
E.K.헌트의 경제사상사 [2016 사회과 R&T],,,
너 이런 경제법칙 알아?,,,
Mathematica를 활용한 경제수학,,,
가난한 집 맏아들,,,
경제학자의 인문학 서재 : 그들은 어떻게 인문학에서 경제를 읽어내는가?,,,
식탁 위의 경제학자들,,,
(경제력이 불끈 솟아나는) 세상물정의 경제학 [2017 사회과 R&T],,,
경제학은 배워서 어디에 쓰나요? [2017 사회과 R&T],,,
(팀 하포드의)경제학 팟캐스트,,,
(최진기의)경제상식 오늘부터 1일,,,
로컬의 미래,,,
"(사회초년생, 직장인, 부모님들께 꼭! 들려주고 싶은)바보아저씨의 경제 이야기",,,
"(사회초년생, 직장인, 부모님들께 꼭! 들려주고 싶은)바보아저씨의 경제 이야기.2",,,
내러티브 경제학,,,
한국사에 숨겨진 경제학자들,,,
케인즈 경제학의 이해,,,
경제학원론,,,
(경제학을 통해 세상을 이해하는 곳)유시민의 경제학 카페,,,
나중에 온 이 사람에게도,,,
이타적 인간의 출현,,,
얼마나 있어야 충분한가,,,
불평등의 대가,,,
경제학자의 인문학 서재.2,,,
불평등의 대가,,,
게임이론,,,
(죽은 경제학자의) 살아있는 아이디어[독서 마일리지 추천도서],,,
왜 복잡계 경제학인가,,,
국부론.1,,,
국부론.2,,,
작은 것이 아름답다,,,
작은 것이 아름답다,,,
작은 것이 아름답다,,,
작은 것이 아름답다,,,
작은 것이 아름답다,,,
작은 것이 아름답다,,,
작은 것이 아름답다,,,
(그림으로 이해하는) 경제사상 [2016 사회과 R&T],,,
경제학원,,,
경제의 책,,,
(청소년을 위한) 1010 경제학,,,
(홍훈교수의)행동경제학 강의,,,
국부론.1,,,
국부론.2,,,
(너무 재밌어서 잠 못 드는)경제학,,,
진보와 빈곤,,,
진보와 빈곤,,,
행동경제학,,,
행동경제학,,,
경제 사상사 여행,,,
경제 사상사 여행 [2016 사회과 R&T],,,
경제 사상사 여행 [2016 사회과 R&T],,,
지금 애덤스미스를 다시 읽는다,,,
인구론,,,
자본론Ⅰ(하).1-2,,,
자본론Ⅱ.2,,,
자본론Ⅲ(상).3-1,,,
자본론Ⅲ(하).3-2,,,
마르크스의 자본; 판도라의 상자를 열다[독서 마일리지 추천도서],,,
청소년을 위한자본론,,,
(만화로 보는)마르크스의 자본론,,,
나는 행복한 불량품입니다,,,
(인간 중심의 경제학)작은 것이 아름답다,,,
고용 이자 화폐의 일반이론,,,
생태페다고지,,,
생태요괴전,,,
경제학을 위한 변명,,,
경제를 되새기며,,,
(토드 부크홀츠의)유쾌한 경제학,,,
생활 속의 경제원리,,,
31가지 테마가 있는 경제여행,,,
틴틴 경제,,,
지구를 구하는 경제책,,,
88만원세대,,,
"우석훈,이제 무엇으로 희망을 말할 것인가",,,
열보다 더 큰 아홉,,,
경제기사 궁금증 300문 300답,,,
혁명은 이렇게 조용히,,,
행복의 경제학,,,
우리는 행복한가,,,
경제 학자의 인문학 서재,,,
불황 10년,,,
장하준의 경제학 강의,,,
장하준의 경제학 강의,,,
"잠깐 애덤 스미스씨, 저녁은 누가 차려줬어요? : 유쾌한 페미니스트의 경제학 뒤집어 보기",,,
프레임 전쟁,,,
괴짜경제학,,,
괴짜경제학,,,
슈퍼 괴짜경제학,,,
슈퍼 괴짜경제학,,,
경제학 콘서트.1,,,
경제학 콘서트.1,,,
경제학 콘서트.2,,,
경제학 콘서트.2,,,
경제·경영수학 길잡이,,,
자본주의·사회주의·민주주의,,,
일본재생,,,
경제의 역사,,,
불황의 경제학,,,
"아리스토텔레스,경제를 말하다",,,
10년후미래,,,
사다리 걷어차기,,,
(간결한) 세계 경제사,,,
비주얼 경제사,,,
세계사 속 경제사,,,
세계사에서 경제를 배우다,,,
(청소년을 위한) 쏙쏙 경제사,,,
(만화로 보는)경제학의 거의 모든 것,,,
"팝, 경제를 노래하다",,,
인간의 살림살이,,,
세계화의 풍경들,,,
흐름이 보이는 세계사 경제 공부,,,
세계 경제전쟁 100년사 커맨딩 하이츠.3 : 새로운 게임의 법칙,,,
동화경제사,,,
동화경제사,,,
"물질문명과 자본주의,1-1 일상생활의 구조,상.1-1",,,
"물질문명과 자본주의,1-2 일상생활의 구조,하.1-2",,,
"물질문명과 자본주의,2-1 교환의 세계, 상.2-1",,,
"물질문명과 자본주의,2-2 교환의 세계,하.2-1",,,
"물질문명과 자본주의,3-1 세계의 시간,상.3-1",,,
"물질문명과 자본주의,3-2 세계의 시간,하.3-2",,,
제1권력,,,
프로테스탄트 윤리와 자본주의 정신 ;노동의 이유를 묻다,,,
자본주의 이해하기,,,
21세기 勝者의 길,,,
대변환의 시작,,,
촌놈들의 제국주의,,,
(KBS 특별기획)슈퍼아시아,,,
한국경제의 뿌리와 열매,,,
강경식의 환란일기,,,
"10년후,한국",,,
조직의 재발견,,,
괴물의 탄생,,,
노무현의 따뜻한 경제학,,,
무엇을 선택할 것인가,,,
(이준구 교수의)쿠오바디스 한국경제,,,
코리안 미러클,,,
"원조, 받는 나라에서 주는 나라로",,,
대한민국 국호의 탄생,,,
트렌드 코리아 2017,,,
종횡무진 한국경제 [2016 인문감성 프로그램],,,
한국 자본주의 [2016 인문감성 프로그램],,,
문답으로 읽는20세기 한국경제사,,,
트렌드 코리아 2019,,,
앞으로 5년 한국의 미래 시나리오,,,
개발 없는 개발,,,
개발 없는 개발,,,
개발 없는 개발,,,
개발 없는 개발,,,
개발 없는 개발,,,
개발 없는 개발,,,
한국경제 어디에서 어디로,,,
이게 경제다,,,
트렌드 코리아 2021,,,
값싼 중국의 종말,,,
빚의 만리장성,,,
일본의 21세기 생존전략,,,
(홍익희의) 유대인 경제사.1 : 세계 경제의 기원 고대 경제사 上,,,
(홍익희의) 유대인 경제사.2 : 고난의 역사 고대 경제사 下,,,
"(홍익희의) 유대인 경제사.3 : 동방무역과 금융업, 중세경제사 上",,,
창업국가,,,
(홍익희의) 유대인 경제사.1 : 세계 경제의 기원 고대 경제사 上,,,
(홍익희의) 유대인 경제사.2 : 고난의 역사 고대 경제사 下,,,
"(홍익희의) 유대인 경제사.3 : 동방무역과 금융업, 중세경제사 上",,,
(홍익희의) 유대인 경제사.4 : 스페인 제국의 영광과 몰락-중세경제사 下,,,
(홍익희의) 유대인 경제사.5 : 중상주의를 꽃피운 유대인들 근대유렵경제사 上,,,
(홍익희의) 유대인 경제사.6 : 중상주의를 꽃피운 유대인들 근대유렵경제사 下,,,
(홍익희의) 유대인 경제사.7 : 미국 근대 산업사는 재벌의 역사 근대미국경제사 上,,,
(홍익희의) 유대인 경제사.8 : 미국의 패권시대 근대미국경제사 下,,,
(홍익희의) 유대인 경제사.9 : 글로벌 금융위기의 진실 현대 경제사 上,,,
(홍익희의) 유대인 경제사.10 : 글로벌 서비스산업의 장악 현대 경제사 下,,,
(홍익희의) 유대인 경제사 가이드북,,,
후츠파로 일어서라:7가지 처방에 담긴 유대인의 창조정신,,,
창업국가,,,
창업국가,,,
창업국가,,,
창업국가,,,
창업국가,,,
창업국가,,,
창업국가,,,
전사와 농민,,,
평화의 경제적 결과,,,
가비오따쓰,,,
나우루공화국의 비극,,,
이땅에 태어나서,,,
케인즈,,,
경제학의 제국을 건설한 사람들,,,
스콧 니어링 자서전,,,
(위대하고 찌질한)경제학의 슈퍼스타들,,,
미래를 여는 소비,,,
"비정규 씨, 출근하세요?",,,
자본주의 [2016 인문감성 프로그램].1 : 돈은 빚이다(금융 자본주의),,,
자본주의.2 : 소비는 감정이다 (소비 자본주의),,,
자본주의 [2016 인문감성 프로그램].3 : 금융지능은 있는가 (금융 교육의 시대),,,
자본주의.4 : 세상을 바꾼 위대한 철학들(아담 스미스와 칼 마르크스),,,
자본주의.5 : 국가는 무엇을 해야 하는가? <케인스 VS 하이에크 그리고 복지 자본주의>,,,
경제 경영 핵심정리,,,
2017 매경 TEST 기본서,,,
시장이론 비판,,,
왜 석유가 문제일까? : 10대에게 들려주는 자원 이야기,,,
원숭이도 이해하는 자본론,,,
21세기 자본,,,
"피케티 현상, 어떻게 볼 것인가? : '21세기 자본' 별책 부록",,,
피케티의 신자본론,,,
낙원을 팝니다,,,
수소혁명/,,,
아톰의 시대에서 코난의 시대로,,,
미래에서 온 편지 : 화석연료에 중독된 인류에게 보내는 경고,,,
(새로운 지구를 위한)에너지 디자인,,,
태양과 바람을 경작하다,,,
에너지 세계 일주,,,
너무 늦기 전에 알아야 할 물건 이야기,,,
에네르기팡,,,
에네르기팡 [2017 화학과],,,
에네르기팡,,,
에너지 세계 일주,,,
한국토지용어사전,,,
부동산 상식 사전,,,
물전쟁,,,
물의 미래 : 인류 문명과 역사를 뒤바꿀 최후의 자원,,,
한국 원자력발전 사회기술체제,,,
한국 원자력발전 사회기술체제,,,
열정은 어떻게 노동이 되는가,,,
더 많이 공부하면 더 많이 벌게 될까,,,
청춘 착취자들,,,
우리가 몰랐던 노동 이야기,,,
"노동, 우리는 정말 알고 있을까?",,,
열 가지 당부,,,
일의 기쁨과 슬픔,,,
먼지 없는 방,,,
4천원인생 : 열심히 일해도 가난한 우리 시대의 노동일기,,,
4천원인생,,,
4천원인생,,,
4천원인생,,,
4천원인생,,,
노동을 변호하다,,,
우리는 작은 가게에서 어른이 되는 중입니다,,,
십 대 밑바닥 노동,,,
여자에게 일이란 무엇인가,,,
이것은 왜 직업이 아니란 말인가,,,
임계장 이야기,,,
임계장 이야기,,,
누가 꽃들의 입을 틀어막는가,,,
노예 12년,,,
세상을 바꾸는 천개의 직업,,,
청춘이 스펙이다,,,
세상을 바꾸는 천개의 직업,,,
"10대가 맞이할 세상, 새로운 미래직업 : 4차 산업혁명은 우리의 삶을 어떻게 바꿀까?",,,
로봇시대 미래직업 이야기,,,
그럼에도 사육사,,,
10대 우리들의 별을 만나다,,,
장인,,,
어느 돌멩이의 외침,,,
결핍의 경제학,,,
세상의 모든 가격 이야기,,,
미래를 말하다,,,
왓츠 넥스트,,,
"왜, 소득이 미래를 결정하는가",,,
국부론.1,,,
국부론.2,,,
세계 불평등 보고서 2018,,,
소득의 미래,,,
넛지,,,
세상을 바꾸는 소비자의 힘,,,
넛지,,,
사치와 문명,,,
똑똑한 사람들의 멍청한 선택,,,
소비의 사회,,,
더 많이 소비하면 우리는 행복할까?;저명한 사회학자와 전문연구팀이 밝혀낸 행복의 조건 [2016 사회과 R&T],,,
미니멀 키친,,,
(지구를 구하는)소비,,,
넛지,,,
"10대에 미니멀리스트가 되고 싶은 나, 어떻게 할까?",,,
(클라우스 슈밥의)제4차 산업혁명,,,
마이크로트렌드X,,,
성장의 한계,,,
성장하지 않아도 우리는 행복할까 [2016 연구학교],,,
2020 새로운 미래가 온다,,,
내일의 경제 : FORECAST[2015년 물리과 R&E],,,
내일의 경제,,,
(2016) 다보스 리포트,,,
미래의 속도,,,
(10년 후 )사차산업혁명의 미래,,,
블록체인 혁명,,,
제4차 산업혁명,,,
4차산업 투자지도,,,
(4차 산업혁명 시대의)공유 경제,,,
당신의 선택은? 글로벌 이슈,,,
밀레니얼 이코노미,,,
경제 위기 극복과 재도약을 위한 정책구상,,,
그린 이코노미,,,
그들이 말하지 않는 23가지[독서 마일리지 추천도서],,,
그들이 말하지 않는 23가지[독서 마일리지 추천도서],,,
(EBS 다큐프라임) 자본주의,,,
그들이 말하지 않는 23가지,,,
왜 세계의 가난은 사라지지 않는가,,,
왜 세계의 가난은 사라지지 않는가,,,
대중 참여 경제론,,,
"AGON,경쟁이 즐거운 나라",,,
경쟁의 한계,,,
허울뿐인 세계화,,,
달러 트랩,,,
월가 이야기,,,
(세계 석학들이 내다본)코로나 경제 전쟁,,,
(세계 석학들이 내다본)코로나 경제 전쟁,,,
(기술도 상품이다)기술거래 실무 가이드,,,
늙어가는 대한민국,,,
앵그리 리틀 걸,,,
과학기술집적지 발전방안,,,
미래산업전망대,,,
초고속 인터넷,,,
산업응용수학의 기본,,,
축적의 시간,,,
누가 세계를 약탈하는가,,,
이매지노베이션,,,
(전자부품 장비의)강소기업,,,
움직이는 생활 공간 자동차,,,
움직이는 생활 공간 : 자동차,,,
미래를 나르는 배 LNG선,,,
미래를 나르는 배 ; LNG선,,,
우리에게 IT란 무엇인가,,,
세계 1위 메이드 인 코리아 : 반도체,,,
북한의 정보통신기술,,,
변화하는 일본의 애니메이션 산업,,,
세계 1위 메이드 인 코리아 : 반도체,,,
쉽게 읽는 반도체 이야기 I [2016 화학과 R&T],,,
소리 없이 세상을 움직인다 철강,,,
소리 없이 세상을 움직인다 : 철강,,,
소리 없이 세상을 움직인다: 철강,,,
(MUST KNOW!)세계 100대 기업,,,
페이스북을 떠나 진짜 세상을 만나다 [2015년 국어과],,,
벤처 디스커버리 : 창조적 아이디어 사업화 워크북,,,
삼성을 생각한다,,,
삼성을 생각한다 2 : 그 이어지는 이야기.2,,,
나보다 우리가 똑똑하다,,,
(잭아저씨네)작은 커피집,,,
벤처 하는 여자들,,,
벤처 하는 여자들,,,
"CEO안철수, 영혼이 있는 승부",,,
오직 너만의 우물을 파라,,,
스티브 위즈니악,,,
"가업승계, 100년 기업을 만든다",,,
매치메이커스,,,
한국 재벌 흑역사.상 : 삼성·현대,,,
한국 재벌 흑역사.하 : 롯데·SK,,,
시테크,,,
성공하는 사람들의 7가지 습관,,,
간디 리더십,,,
성공하는 사람은 무엇이 다른가,,,
창업일기,,,
(21세기 샐러리맨 전략 @ 클릭)이런 사람이 직장에서 출세한다,,,
"아들아, 머뭇거리기에는 인생이 너무 짧다",,,
평범한 사람들의 아주 특별한 생각,,,
위대한 이인자들,,,
(진하진의)e비즈니스 성공전략,,,
셰익스피어를 모르면 21세기 경영은 없다,,,
"(불확실한 미래를 예측하는 가장 좋은 방법, 미래를 결정하라)Next Society",,,
위대한 기업의 조건,,,
대한민국 파워우먼 42인의 좌충우돌 성공기,,,
ping,,,
(칙센트미하이)몰입의 경영/,,,
비영리단체의 경영,,,
디자인에 집중하라 : 기획에서 마케팅까지,,,
스티브 잡스 이야기,,,
(흔들리는 30대를 위한)언니의 독설.2,,,
호암상,,,
메이저리그 경영학 : 야구에 숨겨진 경영의 진수,,,
Business adventures,,,
왜 일류의 기업들은 인문학에 주목하는가,,,
(매출이 200% 오르는) 아침 청소의 힘,,,
정도 : 만수유했으니 공수거하리라,,,
인간탐구 욕망 호모 컨슈머리쿠스 [2016 인문감성 프로그램].1 : 내가 사는 이유,,,
인간탐구 욕망 호모 컨슈머리쿠스 [2016 인문감성 프로그램].2 : 소비 중추를 자극하라,,,
경영의 모델 100+,,,
공학과 경영:기술혁신을 꿈꾸는 공학도를 위한 안내서,,,
W이론을 만들자,,,
소중한 것을 먼저하라,,,
시련은 있어도 실패는 없다,,,
시련은 있어도 실패는 없다,,,
성공하는 사람은 무엇이 다른가,,,
세상의 모든 굼벵이들에게,,,
"허브 코헨,협상의 법칙",,,
"잭 웰치, 끝없는 도전과 용기",,,
"스타벅스, 커피 한 잔에 담긴 성공신화",,,
Mr. Sony기획의 비밀 소니 스타일을 훔쳐라,,,
중국인의 상술,,,
네덜란드 개성상인의 국제경영이야기,,,
세븐일레븐의 경영신화,,,
(피터 드러커의) 자기경영노트,,,
(인생을 두 배로 사는)아침형 인간,,,
시간관리와 자아실현,,,
멈추어 서기엔 너무 젊은 한국인에게 보내는 60초 편지,,,
아이디어가 풍부해지는 발상 기술,,,
마시멜로 이야기,,,
아주 단순한 성공법칙/,,,
나이스,,,
뜨거운 관심,,,
청소부 밥,,,
피라니아 이야기,,,
에너지버스,,,
대수.기초해석.조합의 탐구문제들(상),,,
(비즈니스맨을 위한)아티스트 웨이,,,
꿈꾸는 다락방,,,
삽질정신,,,
마시멜로 두번째 이야기.2,,,
생각정리의 기술,,,
실행력,,,
상상 오디세이,,,
아웃라이어 = Outliers : 성공의 기회를 발견한 사람들,,,
iCon 스티브 잡스,,,
미친 꿈은 없다,,,
재미,,,
이건희 개혁10년,,,
59초,,,
워너비 윈투어,,,
혼자 밥먹지 마라,,,
성공을 바인딩하라 : 기적의 노트 3P 바인더의 비밀,,,
메모의 기술 2.2,,,
한국의 메모 달인들 : 14인 메모광들의 성공신화,,,
스웨이 : 사람의 마음을 흔드는 선택의 비밀,,,
질문의 힘 : 제대로 된 질문이 상대를 움직인다,,,
오리진이 되라 :운명을 바꾸는 창조의 기술,,,
무엇이 당신을 만드는가 : 삶을 걸작으로 만드는 피터 드러커의 위대한 질문!,,,
블립,,,
젊은 구글러가 세상에 던지는 열정력,,,
"CEO 안철수,지금 우리에게 필요한것은",,,
(내 손안의 지식은장도)수중혜,,,
시골의사 박경철의 자기 혁명,,,
어떻게 원하는 것을 얻는가(2014 정보과 R&T),,,
안철수 경영의 원칙,,,
꿈꾸는 다락방2 실천편.2,,,
고전혁명,,,
존 맥스웰의 행동리더십 인간관계 4.4,,,
존 맥스웰의 행동리더십 리더십 1.1,,,
존 맥스웰의 행동리더십 팀워크8.8,,,
존 맥스웰의 행동리더십 인재육성7.7,,,
존 맥스웰의 행동리더십 멘토링6.6,,,
존 맥스웰의 행동리더십 자기계발5.5,,,
존 맥스웰의 행동리더십 태도3.3,,,
존 맥스웰의 행동리더십 성공2.2,,,
러쉬!,,,
어떻게 나를 최고로 만드는가,,,
탁월한 아이디어는 어디서 오는가;700년 역사에서 찾은 7가지 혁신 키워드,,,
달콤한 로그아웃,,,
디퍼런트 씽킹,,,
원씽,,,
99℃,,,
부자들의 생각법,,,
계속해서 실패하라[독서 마일리지 추천도서],,,
"청춘, 판에 박힌 틀을 깨다",,,
하버드의 생각수업,,,
다윗과 골리앗,,,
트리즈 마인드 맵:생각이 열리는 나무,,,
세계 최고의 인재들은 왜 기본에 집중할까,,,
픽사,,,
재미,,,
"아마존, 세상의 모든 것을 팝니다(2014 정보과 R&T)",,,
구글은 어떻게 일하는가(2014 정보과 R&T),,,
(죽어라 일만 하는 사람은 절대 모르는)스마트한 성공들(2014 정보과 R&T),,,
일생에 한번은 고수를 만나라(2014 정보과 R&T),,,
계속해서 실패하라[독서 마일리지 추천도서],,,
탁월한 아이디어는 어디서 오는가;700년 역사에서 찾은 7가지 혁신 키워드 [2015년 국어과],,,
하버드의 생각수업 [2015년 국어과],,,
"그대, 스스로를 고용하라",,,
부자는 20대에 결정된다,,,
이웃집 백만장자,,,
생각의 돌파력,,,
1등의 독서법,,,
오래가는 소통,,,
배민다움 : 배달의 민족 브랜딩 이야기,,,
더 패스 : The path (세상을 바라보는 혁신적 생각),,,
성심당 : 우리가 사랑한 빵집,,,
삶의 정도,,,
(세상에 없던 나만의 방식으로 어떻게든 성공하는)또라이들의 시대,,,
노동 없는 미래,,,
회사가 붙잡는 사람들의 1퍼센트 비밀,,,
비즈니스 인문학,,,
"9등급 꼴찌, 1년 만에 통역사 된 비법",,,
1등의 습관,,,
성공하는 사람들의 7가지 습관,,,
성공하는 사람들의 8번째 습관,,,
일취월장,,,
(세계 최고 리더들의 인생을 바꾼)피터 드러커의 최고의 질문,,,
불만의 품격,,,
몰입,,,
회사인간사회의 성,,,
내가 걸어온 길,,,
인터넷을 움직이는 사람들,,,
실리콘밸리 스토리,,,
한국 자본주의의 개척자들,,,
앤드류 그로브의 위대한 수업,,,
(미래를 지배한)빌 게이츠,,,
이병철 경영대전,,,
세상을 바꾸는 대안기업가 80인,,,
스티브 잡스 Steve Jobs,,,
(추모문집)삼면 고영두,,,
(워렌 버핏이 선택한) CEO들,,,
슈독 : 나이키 창업자 필 나이트 자서전,,,
CEO 스티브 잡스가 인문학자 스티브 잡스를 말하다,,,
자본주의의 슈퍼스타들,,,
히트 리프레시,,,
"일론 머스크, 마래의 설계자",,,
"제프 베조스, 발명과 방황",,,
"제프 베조스, 발명과 방황",,,
손정의 21세기 경영전략,,,
빌게이츠 @ 생각의 속도,,,
그래도 한국기업이 살아남는 3가지 조건,,,
소니의 선택 소니의 성공,,,
경제 진화와 한국 기업의 선택,,,
HOW TO BECOME CEO,,,
"에디슨의 두개의 책상, 발명과 경영",,,
이미지 경영,,,
아문센 마인드,,,
"천년 전의 글로벌 CEO,해상왕 장보고",,,
잭 웰치 위대한 승리,,,
CEO 칭기스칸,,,
바보들은 항상 결심만 한다,,,
컨셉 크리에이터,,,
(바로 해답을 찾아내는)문제해결의 기술,,,
프레젠테이션 불패의 법칙,,,
전략의 탄생,,,
(상상하는 모든 것이 이루어진다)유쾌한 이노베이션,,,
스티브 잡스의 프레젠테이션 :그는 어떻게 청중을 설득하는가? =Why Steve Jobs' presentation?,,,
(우리가 함께 이루는)좋은 성공; Good Success,,,
"상상력 혁명 : 따라갈 것인가, 창조할 것인가? : 혼이 깃든 인문학이 혁신을 주도한다!",,,
킹핀 = King pin : 최고의 프로만 아는 성과 창출의 비밀,,,
"서른살,꿈에 미쳐라",,,
다산선생 지식경영법,,,
"빅데이터, 경영을 바꾸다",,,
디자인 씽킹,,,
전쟁의 기술,,,
플랫폼의 시대(2014 정보과 R&E),,,
샤오미 insight(2014 정보과 R&T),,,
비즈니스 천재들은 생각하는 방법이 다르다(2014 정보과 R&T),,,
지금 당장 기획공부 시작하라(2014 정보과 R&T),,,
(미래사회를 이끌어가는)기업가 정신,,,
머니볼,,,
창의성을 지휘하라 [2015년 교양교과 R&T],,,
크리에이터 코드,,,
지적자본론,,,
오노 다이이치와 도요차 생산방식 [2016 화학과 R&T],,,
(만화로 쉽게 배우는)프로젝트 매니지먼트,,,
체인지 메이커,,,
퍼스트 무버,,,
(이순신의 해전을 통해 본)프로젝트 성공 법칙,,,
문제해결자,,,
일의 언어,,,
센스메이킹,,,
쿨하게 사과하라,,,
거꾸로 보면 패턴이 보인다,,,
카오스 멍키,,,
직업의 종말,,,
숲에서 경영을 가꾸다,,,
"미야자키, 상상을 현실로 만들어",,,
아마존 미래전략 2022,,,
직업의 종말,,,
플랫폼 제국의 미래,,,
기획에서 기획을 덜어내라,,,
하버드 협상 강의,,,
"파타고니아, 파도가 칠 때는 서핑을",,,
"파타고니아, 파도가 칠 때는 서핑을",,,
"마윈, 내가 본 미래",,,
"마윈, 내가 본 미래",,,
스프린트,,,
규칙없음,,,
큐레이션,,,
큐레이션,,,
순서 파괴,,,
구글의 미래,,,
(토요타에서 배운) 종이 한 장으로 요약하는 기술 [2016 영어과],,,
"결정, 흔들리지 않고 마음먹은 대로",,,
빅데이터가 만드는 제4차 산업혁명,,,
(미래를 만든)Geeks,,,
배드 블러드,,,
배드 블러드,,,
1인자를 만든 2인자들,,,
어드바이스 파트너,,,
세계를 움직이는 리더는 어떻게 공감을 얻는가,,,
(성과를 지배하는)바인더의 힘(2014 정보과 R&T),,,
조직과 인간행동,,,
복잡계로 바라본 조직관리(SERI 연구에세이 37)(SERI 연구에세이 37),,,
권력의 기술,,,
오리지널스,,,
무엇이 조직을 움직이는가,,,
스마트 스웜,,,
스마트 스웜,,,
당신도 경영자가 될 수 있다,,,
"청년, 창업에 미치다",,,
골목사장 분투기,,,
대한민국 자영업 트렌드 2016,,,
"3D 프린터, 창업을 출력하라",,,
스타트업 바이블,,,
멀리 보면 길을 잃지 않는다 [2016 연구학교],,,
에어비앤비 스토리,,,
저도 장사가 어려운데요,,,
(국가대표급 인재로 거듭나는) 씨플레이어,,,
"스토리가 스펙을 이긴다 : 최고 the best가 아니라, 유일함 the only으로 승부하라!",,,
크리티컬 매스,,,
실행이 답이다,,,
하워드의 선물,,,
관점을 디자인하라,,,
아름답게 욕망하라(2014 정보과 R&T),,,
알리바바 마윈의 12가지 인생강의(2014 정보과 R&T),,,
데일 카네기 성공대화론과 행복론,,,
결핍이 에너지다,,,
자이니치 리더,,,
나는 다만 재미있는 일을 했을 뿐이다,,,
누가 더 끝까지 해내는가,,,
10대를 위한 1분,,,
실패를 두려워 말고 1등에 도전하라[독서 마일리지 추천도서],,,
(기대를 현실로 바꾸는) 혼자 있는 시간의 힘,,,
0초 사고 [2015년 국어과]. : 초고속 사고를 위한 두뇌 개조 프로젝트,,,
리더의 그릇,,,
YG는 다르다,,,
일 잘하는 사람의 정리습관,,,
나는 고작 한번 해봤을 뿐이다,,,
더 인터뷰,,,
더 인터뷰,,,
더 인터뷰,,,
더 인터뷰,,,
더 인터뷰,,,
더 인터뷰,,,
더 인터뷰,,,
방과후 교사 이렇게 성공하라,,,
(공병호)미래 인재의 조건,,,
"휘게 라이프, 편안하게 함께 따뜻하게 : 덴마크 행복의 원천 [2016 영어과]",,,
(끝까지 계속하게 만드는)아주 작은 반복의 힘,,,
유대인 생각공부,,,
마윈의 충고,,,
무엇이 평범한 그들을 최고로 만들었을까,,,
디테일이 강해야 산다,,,
"휘게 라이프, 편안하게 함께 따뜻하게 : 덴마크 행복의 원천 [2016 영어과]",,,
나폴레온 힐 성공의 법칙,,,
"심플, 결정의 조건",,,
더 인터뷰,,,
그릿,,,
이기는 사람은 악마도 설득한다,,,
차별화의 천재들,,,
"오늘, 또 일을 미루고 말았다",,,
서른다섯까지는 연습이다,,,
어떻게 원하는 것을 얻는가,,,
더 인터뷰,,,
Yes를 이끌어내는 협상법 : 하버드대 협상 프로젝트,,,
유튜브의 神,,,
꿈이 없는 놈 꿈만 꾸는 놈 꿈을 이루는 놈,,,
루키들이 온다,,,
메모의 재발견,,,
(생각 정리를 위한)노트의 기술 : 손으로 하는 메모와 노트의 기술!,,,
평판 게임:나에 대한 사람들의 생각을 바꾸는 기술,,,
닥터 도티의 삶을 바꾸는 마술가게,,,
When,,,
프로의 경지,,,
관점을 디자인하라,,,
제가 좀 숫자에 약해서,,,
하버드 상위1％의 비밀,,,
Atomic Habits,,,
일 잘하는 사람은 단순하게 합니다,,,
일 잘하는 사람은 단순하게 합니다,,,
그릿,,,
동물에게 배우는 생존의 지혜,,,
나는 습관을 조금 바꾸기로 했다,,,
모든 것이 되는 법,,,
모든 것이 되는 법,,,
나는 영어를 잘하기로 결정했다,,,
"딥 워크 : 강력한 몰입, 최고의 성과",,,
생각의 비밀,,,
(흔들리지 않고 끝까지 계속하게 만드는)루틴의 힘,,,
(매번 시작만 하는 사람들을 위한)습관의 완성,,,
나는 인생에서 중요한 것만 남기기로 했다,,,
나는 인생에서 중요한 것만 남기기로 했다,,,
"(그 누구에게도 말할 수 없고, 그 누구도 말해주지 않는)엄마의 오묘한 심리학",,,
"(그 누구에게도 말할 수 없고, 그 누구도 말해주지 않는)엄마의 오묘한 심리학",,,
기브앤테이크,,,
지금까지 산 것처럼 앞으로도 살 건가요?,,,
지금까지 산 것처럼 앞으로도 살 건가요?,,,
지금까지 산 것처럼 앞으로도 살 건가요?,,,
김미경의 리부트,,,
김미경의 리부트,,,
성숙한 어른이 갖춰야 할 좋은 심리 습관,,,
성숙한 어른이 갖춰야 할 좋은 심리 습관,,,
아비투스,,,
아비투스,,,
마지막 몰입,,,
일하는 사람의 생각,,,
최고의 변화는 어디서 시작되는가,,,
유대인 1퍼센트 부의 지름길,,,
더 해빙,,,
더 해빙,,,
(핵심) 인간과 조직행동론,,,
트리거,,,
MARS WAY(2014 정보과 R&T),,,
사소한 결정이 회사를 바꾼다,,,
역사에서 리더를 만나다,,,
혼창통,,,
와튼스쿨 인생특강,,,
리더는 사람을 버리지 않는다(2014 정보과 R&T),,,
무엇을 놓치고 있는가,,,
최고의 선택,,,
초격차,,,
홀로 성장하는 시대는 끝났다,,,
파파 리더십,,,
파파 리더십,,,
일을 잘 맡긴다는 것,,,
일을 잘 맡긴다는 것,,,
일에 관한 9가지 거짓말,,,
일에 관한 9가지 거짓말,,,
아인슈타인의 보스,,,
리더의 7가지 언어,,,
(심리학자가 알려주는) 모든 기획자와 프리젠터가 알아야 할 사람에 대한 100가지 사실,,,
원하는 것이 있다면 감정을 흔들어라,,,
가르치는 힘 [2016 영어과],,,
회장님의 글쓰기,,,
원하는 것이 있다면 감정을 흔들어라,,,
일 잘하는 사람은 단순하게 말합니다,,,
일 잘하는 사람은 단순하게 말합니다,,,
쿨하게 사과하라,,,
컬러 리더십 ;미래는 색깔 있는 리더가 주도한다! 자신만의 색깔로 리드하라! =COLOR LEADERSHIP,,,
변경,,,
(성공기업으로 가는)한국형 인재 경영,,,
양치기 리더십,,,
부도덕한 카리스마의 매혹,,,
성공리더의 리더십 카리스마,,,
거꾸로 가는 물고기,,,
"대한민국 20대,말이 통하는 사람이 돼라",,,
뱀의 뇌에게 말을 걸지 마라 :이제껏 밝혀지지 않았던 설득의 논리,,,
이기는 습관 1 = Winning habit /.1,,,
하버드스타일,,,
멀티플라이어,,,
이순신의 리더십,,,
화난 원숭이들은 모두 어디로 갔을까? : 숨어버린 내 안의 열정과 창의성을 찾아가는 혁신이야기,,,
구글의 아침은 자유가 시작된다,,,
일 잘하는 사람 일 못하는 사람,,,
"(간단함, 병맛, 솔직함으로 기업의 흥망성쇠를 좌우하는)90년생이 온다",,,
(100% 취업을 위한)자기 소개서 작성법,,,
(도쿄대학 수재들이 가르쳐주는)페르미 추정 두뇌 활용법,,,
자기소개서 똑바로 써라,,,
(주요대학 우수사례를 통한)자기소개서 미리써보기,,,
(I.S.O.) 자기소개서 면접합격전략,,,
(NCS 직업기초능력평가) 문제해결능력 [2016 화학과],,,
(2019)마인드맵 자기소개서 면접대본,,,
면접관을 위한 면접 가이드,,,
리모트: 사무실 따윈 필요없어(2014 정보과 R&T),,,
최고의 직장 : 포춘 100대 기업에서 배우는 행복한 일터문화(2014 정보과 R&T),,,
우리는 왜 일하는가,,,
어딸멋져,,,
공상이상 직업의 세계,,,
밥 파이크의 창의적 교수법,,,
창의적 사고와 문제해결력으로 승부하라 : 창의성과 문제해결능력을 키워주는 NCS 교과서 [2016 화학과],,,
업무의 잔기술,,,
비밀의 언어,,,
(본질에 집중하는 힘)에센셜리즘,,,
(엑셀&파워포인트&워드를 이용한 )보고서 작성 원리 70[2015년 정보과 R&T],,,
고수의 보고법 [2015년 화학과],,,
보고서의 법칙,,,
보고서의 법칙,,,
보고서 작성 실무 강의,,,
(실무에 바로 쓰는)일잘러의 보고서 작성법,,,
디퍼런트,,,
참여감,,,
테드 토크,,,
누가 내 지갑을 조종하는가,,,
마케팅 불변의 법칙,,,
아웃사이드 인 전략,,,
보이지 않는 영향력,,,
BTS 마케팅,,,
"어서와, 마케팅은 처음이지?",,,
(한 권으로 끝내는)디지털·소셜미디어 마케팅,,,
(1인 미디어시대)제4차 산업혁명과 소셜미디어,,,
플랫폼 레볼루션,,,
(내레이션 최강 영화 유튜버 고몽의)유튜브 이야기,,,
우리는 어떤 의미를 입고 먹고 마시는가,,,
누가 내 머릿속에 브랜드를 넣었지?,,,
심리학이 소비자에 대해 가르쳐준 것들,,,
신제품 개발을 위한 전략적 사고법,,,
관찰의 힘,,,
로지스틱스 4.2,,,
Creativity,,,
생각하는 미친놈,,,
복잡계 PR,,,
10년 후 대한민국 이제는 삶의 질이다:미래전략보고서,,,
우리는 마요네즈가 아니에요,,,
창의력 교실,,,
광고심리학,,,
대중 유혹의 기술,,,
좋아 보이는 것들의 비밀,,,
경리업무 초보자용,,,
기업가치평가,,,
위험관리가 미래의 부를 결정한다,,,
지금 당장 회계 공부시작하라,,,
전산세무1급,,,
프로직장인들이 가장 궁금해하는 재무제표분석 : 주식·펀드 투자에서 기업분석 실무까지(2014 정보과 R&T),,,
(K-IFRS) 재무제표분석과 가치평가,,,
(박 회계사의) 재무제표 분석법,,,
프로 직장인들이 가장 궁금해하는 현금흐름분석,,,
(사회 선생님이 들려주는)공정무역 이야기,,,
데이비드 아커의 브랜드 경영,,,
상상력에 엔진을 달아라,,,
인문학으로 광고하다,,,
세계의 크리에이티브 공장 뉴욕,,,
상상력에 엔진을 달아라,,,
필립 코틀러의 미래형 마케팅,,,
(제프리 무어의 하이테크마케팅 시리즈 2)토네이도 마케팅,,,
BRAND MASTERS,,,
날씨를 알면 돈이 보인다,,,
카오틱스,,,
마켓 3.0 : 모든 것을 바꾸어 놓을 새로운 시장의 도래,,,
클릭! 미래 속으로,,,
성공하는 기업에는 스토리가 있다,,,
레드 마케팅,,,
마케팅 어드벤처,,,
브랜드와 디자인의 힘,,,
브랜드와 디자인의 힘,,,
디지털 경제와 인터넷 혁명,,,
시장은 정말 우리를 행복하게 하는가,,,
살아남은 것들의 비밀,,,
골목의 전쟁 : 소비사장은 어떻게 움직이는가,,,
트렌드 차이나 2020,,,
트렌드 차이나 2020,,,
공정무역은 세상을 어떻게 바꿀수 있을까,,,
1등이 목표가 아니야 : 더 나은 세상을 만드는 공정무역 이야기,,,
나쁜 사마리아인들,,,
"김현종, 한미 FTA를 말하다",,,
행복은 자전거를 타고 온다,,,
긍정 심리학,,,
"매혹의 질주, 근대의 횡단",,,
달리는 기차에서 본 세계,,,
달리는 기차에서 본 세계,,,
철도의 눈물,,,
청소년을 위한 전국산업관광지 104곳,,,
전화의 역사,,,
방송가의 뒷골목,,,
나는꼼수다 뒷담화,,,
"예능, 유혹의 기술",,,
"예능, 유혹의 기술",,,
유튜브로 책 권하는 법,,,
스무살 이제 돈과 친해질 나이,,,
화폐전쟁,,,
"위험,기회,미래가 공존하는 리스크",,,
화폐전쟁 2 ;금권천하.2,,,
화폐전쟁.3 : 금융 하이 프런티어,,,
화폐전쟁.4 : 전국시대,,,
(처음 만나는) 금융공학,,,
핀테크 세상을 열다,,,
"리치랜드, 위험천만 위기탈출",,,
블랙 스완,,,
"청소년을 위한 금융,경제핵심정리 [2016 사회과 R&T]",,,
금융 오디세이 [2017 사회과],,,
금융일반상식,,,
빅스텝,,,
부자엄마 부자딸,,,
(온 가족을 부자로 만드는)가족형 부의 공식33,,,
4개의 통장,,,
부자들의 상상력,,,
상속,,,
돈의 인문학,,,
운명을 바꾸는 10년 통장,,,
나에게 돈이란 무엇일까?,,,
억만장자의 고백,,,
돈이 모이는 생활의 법칙,,,
월급쟁이 부자는 없다,,,
월급쟁이 부자들,,,
4개의 통장 2.2,,,
2015 대한민국 재테크 트렌드,,,
월급쟁이 재테크 상식사전,,,
당신이 속고 있는 28가지 재테크의 비밀,,,
재테크의 여왕. : 부자의 첫걸음,,,
(맘마미아) 월급재테크 실천법,,,
부의 추월차선,,,
슈퍼리치의 습관,,,
내 아이에게 무엇을 물려줄 것인가,,,
금융은 어떻게 세상을 바꾸는가 [2016 사회과 R&T],,,
왜 A학생은 C학생 밑에서 일하게 되는가 그리고 왜 B학생은 공무원이 되는가,,,
자본주의 사용설명서 [2016 인문감성 프로그램],,,
자본주의 [2016 인문감성 프로그램],,,
금융의 배신 : 그들은 어떻게 내 주머니를 털어갔나 [2016 사회과 R&T],,,
소비론,,,
구십일 완성 돈 버는 평생 습관,,,
부자를 만드는 부부의 법칙,,,
돈에서 자유로워지는 시간,,,
부자언니 부자특강 : 평범한 월급쟁이 부자되는 공식,,,
부자언니 부자연습,,,
아기곰의 재테크 불변의 법칙,,,
레버리지,,,
하루 10분 거꾸로 가계부,,,
빚 때문에 고민입니다,,,
부자들의 재테크 불변의 습관,,,
돈 정리의 마법,,,
언스크립티드,,,
행운에 속지 마라,,,
행운에 속지 마라,,,
"오늘부터 제대로, 금융 공부",,,
돈 공부는 처음이라,,,
돈의 속성,,,
돈의 속성,,,
부의 인문학,,,
돈의 심리학,,,
돈의 심리학,,,
금융IQ를 높이자,,,
경제와 금융 그렇구나 2 [2016 사회과 R&T],,,
경제와 금융 그렇구나 1 [2016 사회과 R&T],,,
부자의 꿈을 이룬 14명의 보통사람들,,,
(댄 애리얼리)부의 감각,,,
신성한 경제학의 시대. : 한계에 다다른 자본주의의 해법은 무엇인가?,,,
청소년 돈 스터디,,,
(50대 사건으로 보는)돈의 역사,,,
나는 금리로 경제를 읽는다,,,
"젊은 장인, 몸으로 부딪쳐!",,,
세계경제의 메가트렌드에 주목하라(2014 정보과 R&T),,,
시골의사의 부자경제학,,,
(짐 로저스)앞으로 5년 한반도 투자 시나리오,,,
(짐 로저스)앞으로 5년 한반도 투자 시나리오,,,
스노볼2.2,,,
부자 아빠 가난한 아빠 1.1,,,
부자 아빠 가난한 아빠 2.2,,,
한국의 부자들,,,
(Fun&Easy)만화로 보는 선물이야기,,,
"워렌 버핏, 한국의 가치투자를 말하다",,,
워렌 버핏처럼 적정주가 구하는 법,,,
(벤저민 그레이엄의) 증권분석,,,
(피터 린치의) 이기는 투자,,,
(피터 린치의) 투자 이야기,,,
가치투자를 말한다,,,
"돈, 일하게 하라",,,
왜 주식인가?,,,
(워런 버핏의) 실전 주식투자,,,
워런 버핏의 주주 서한,,,
위대한 기업에 투자하라,,,
저는 주식투자가 처음인데요,,,
(전설로 떠나는) 월街의 영웅,,,
주식투자 무작정 따라하기.[1],,,
주식투자 무작정 따라하기.2 : ETF 편,,,
주식투자자의 시선,,,
이채원의 가치투자,,,
(4차산업혁명 시대)투자의 미래,,,
주식수학;수학적 분석을 활용한 필승의 투자원칙,,,
재무재표 모르면 주식투자 절대로 하지마라,,,
(미국 배당주)투자지도,,,
ETF 투자 무작정 따라하기,,,
(슈퍼개미 김정환에게 배우는)나의 첫 투자 수업.1 : 마인드편,,,
(슈퍼개미 김정환에게 배우는)나의 첫 투자 수업.2 : 투자편,,,
(강방천의)관점,,,
나는 돈이 없어도 경매를 한다,,,
나는 부동산과 맞벌이한다,,,
부동산의 보이지 않는 진실,,,
부자의 지도,,,
(송사무장의 부동산) 공매의 기술,,,
나는 오늘도 경제적 자유를 꿈꾼다,,,
화폐의 몰락. : 국제통화 시스템의 붕과가 임박하다!,,,
환율의 미래,,,
환율의 역습,,,
환율의 이해와 예측,,,
환율전쟁 이야기,,,
필리핀 투자와 진출을 위한 생생정보통,,,
보험 상식사전,,,
(2016) 실전 보험과 세금,,,
(사회적 감수성을 키우는)시민 교과서,,,
합법적으로 세금 안내는 110가지 방법 - 부동산편,,,
부자되는 세稅테크,,,
세금 재테크 상식사전,,,
합법적으로 세금 안 내는 110가지 방법. : 개인편,,,
(당당하게 세금 안 내는) 절세노하우,,,
정말 쉬운 세금회계,,,
합법적으로 세금 안 내는 110가지 방법.[1] : 개인편,,,
합법적으로 세금 안 내는 110가지 방법.2 : 기업편,,,
역사 속 세금이야기,,,
아젠다 세팅,,,
동물 인문학 [2015년 국어과],,,
행복한 나라는 누가 만들까?,,,
"최후의 제국.4 : 공존, 생존을 위한 선택",,,
"아름다운 청년, 김재민",,,
대한민국을 바꾸는 61가지 방법,,,
길은 걷는 자의 것이다,,,
"세월호, 그날의 기록 [2016 연구학교]",,,
"세월호, 그날의 기록",,,
새로고침,,,
(21세기를 사는 지혜)배신,,,
길은 걷는 자의 것이다,,,
고대에서 봉건제로의 이행,,,
노예선 : 인간의 역사,,,
자원봉사와 시민사회,,,
(서울대 송호근 교수의)이분법 사회를 넘어서,,,
"거꾸로,희망이다",,,
화,,,
(이 땅 이 시간 행복하다면) 당신은 바보 아니면 도둑 : 7인의 명사들이 들려주는 행복동맹 이야기,,,
갑과 을의 나라,,,
세상은 바꿀 수 있습니다.-지금까지 MBC뉴스 이용마입니다,,,
나는 이렇게 불리는 것이 불편합니다,,,
"다시 태어난다면, 한국에서 살겠습니까",,,
우리의 불행은 당연하지 않습니다,,,
우리의 불행은 당연하지 않습니다,,,
사람에 대한 예의,,,
"다시, 일본을 생각한다",,,
과학기술의 사회학,,,
(청소년을 위한)사회학 에세이,,,
"자기 절제 사회 : 유혹 과잉 시대, 어떻게 욕망에 대항할 것인가",,,
사랑은 왜 아픈가,,,
"바보야, 이제는 이공계야",,,
국가는 왜 실패하는가[독서 마일리지 추천도서],,,
구별짓기.상,,,
구별짓기.하,,,
역량의 창조 [2016 영어과],,,
역량의 창조 [2016 영어과],,,
현대사회학,,,
(만화로 쉽게 배우는)사회학,,,
세상물정의 사회학,,,
두문화,,,
왜 세계화가 문제일까?,,,
(이코노미스트가 팩트체크한)세계의 이면에 눈뜨는 지식들,,,
데이터를 철학하다,,,
(교과서에 나오지 않는)융복합 이야기,,,
(교과서에 나오지 않는)융복합 이야기,,,
(SNS에서 웹툰까지)슬기로운 미디어생활,,,
징검다리,,,
사회학 용어 도감,,,
시민불복종 쫌 아는 10대,,,
소비의 사회,,,
세상을 바꾸는 힘,,,
한국의 정체성,,,
"거꾸로, 희망이다",,,
(사회선생님이 뽑은)우리 사회를 움직인 판결,,,
죽음을 어떻게 맞이할 것인가,,,
백설공주는 왜 자꾸 문을 열까: 동화로 만나는 사회학,,,
투게더,,,
협력의 진화,,,
리퀴드 러브,,,
이상한 나라의 뇌과학,,,
소유냐 존재냐,,,
근시사회,,,
백설공주는 왜 자꾸 문을 열어 줄까,,,
백설공주는 왜 자꾸 문을 열어 줄까,,,
백설공주는 왜 자꾸 문을 열어 줄까,,,
백설공주는 왜 자꾸 문을 열어 줄까,,,
멘토의 시대,,,
소유냐 존재냐,,,
복수의 심리학,,,
우리는 왜 개는 사랑하고 돼지는 먹고 소는 신을까,,,
중·고등학생용 갈등해결활동 프로그램,,,
사회심리학,,,
사회심리학,,,
이타적 유전자,,,
사회적 원자,,,
사회적 원자 [2015년 물리과 R&E],,,
사회적 원자,,,
(참여연대)개혁통신,,,
권력의 법칙,,,
노무현의 리더십 이야기,,,
리더의 조건,,,
성공을 리드하라 : 스스로 성공을 주도하는 40가지 리더십 키워드,,,
리더의 조건,,,
리더의 조건,,,
리더의 조건,,,
리더의 조건,,,
리더의 조건,,,
리더의 조건,,,
리더의 조건,,,
리더의 조건,,,
리더의 조건,,,
인맥만들기,,,
인맥만들기,,,
인간 사색,,,
혼자가 편한 사람들의 관계 심리학,,,
지면서 이기는 관계술,,,
(상처받지 않고 행복해지는) 관계의 힘,,,
(원활한 대화와 창조적 사고로 이끄는)질문의 7가지 힘,,,
낯선 사람들이 만날 때,,,
노년에 관하여,,,
내 인생의 가장 행복한 날,,,
우아한 노년,,,
행복의 조건 : 하버드대학교·인생성장보고서,,,
20대=독립은 끝났다!,,,
소녀들의 심리학,,,
십대들의 폭로,,,
조선에서 백수로 살기,,,
불평등이 노년의 삶을 어떻게 형성하는가,,,
스위치 : 손쉽게 극적인 변화를 이끌어내는 행동설계의 힘,,,
(2018) 인구 절벽이 온다,,,
지방 소멸,,,
화교가 없는 나라,,,
화교가 없는 나라,,,
한반도 화교사,,,
한반도 화교사,,,
일본제국 VS 자이니치,,,
조난자들,,,
낯선 이웃,,,
미래사회와 환경,,,
시간 밖의 문명,,,
인간 없는 세상,,,
"인간생태보고서 : 먹고, 싸우고, 사랑하는 일에 관한 동물학적 탐사기",,,
(토마스 베리의)위대한 과업,,,
작고 위대한 소리들,,,
올리버는 어떻게 세상을 요리할까?,,,
지구의 미래,,,
(데이비드 스즈키의)마지막 강의,,,
훼손된 세상,,,
세상은 보이지 않는 끈으로 연결되어 있다,,,
"자연 기계:인간과 자연, 환경과 과학기술에 대한 거대한 질문",,,
도시는 무엇으로 사는가,,,
안티 젠트리피케이션,,,
도시는 무엇으로 사는가,,,
안티 젠트리피케이션,,,
마을의 귀환,,,
마을의 귀환,,,
골목 인문학,,,
골목 인문학,,,
그린 어바니즘,,,
그린 어바니즘,,,
공간을 말하다,,,
지구인의 도시 사용법,,,
지구인의 도시 사용법,,,
도시를 움직이는 모든 것들의 과학,,,
도시를 움직이는 모든 것들의 과학,,,
"어느 날, 변두리 마을에 도착했습니다",,,
"어느 날, 변두리 마을에 도착했습니다",,,
우리문화의 길잡이,,,
(김용운 4부작)한국인과 일본인1.1,,,
(김용운 4부작)한국인과 일본인2.2,,,
(김용운 4부작)한국인과 일본인3.3,,,
(김용운 4부작)한국인과 일본인4.4,,,
문화의 수수께끼,,,
간디의 물레,,,
소비대중문화와 포스트모더니즘,,,
일본대중문화 베끼기,,,
이미지와의 전쟁,,,
소비문화와 현대성,,,
(탈식민지 시대 지식인의)글 읽기와 삶 읽기1.1,,,
(탈식민지 시대 지식인의)글 읽기와 삶 읽기1.1,,,
(탈식민지 시대 지식인의)글 읽기와 삶 읽기2.2,,,
서태지 담론,,,
"얼굴, 한국인의 낯",,,
"얼굴, 한국인의 낯",,,
"욕, 그 카타르시스의 미학",,,
(김용운 4부작)한국인과 일본인 1.1,,,
(김용운 4부작)한국인과 일본인 2.2,,,
(김용운 4부작)한국인과 일본인 3.3,,,
(김용운 4부작)한국인과 일본인 4.4,,,
오리진,,,
세계의 문화와 조직-문화간 협력과 세계 속에서의 생존,,,
대중문화와 문화실천-한울언론학강좌,,,
패스트푸드의 제국,,,
문화 속에 미래가 있다,,,
디지털 시대의 문화 예술,,,
상식으로 보는 문화사,,,
근대의 책읽기,,,
일상문화 읽기,,,
"문화,미디어로 소통하기",,,
욕망하는 식물,,,
문화의 발견,,,
대중문화의 겉과 속1.1,,,
집단지성이란 무엇인가.190,,,
(정재승+진중권) 크로스 : 무한 상상력을 위한 생각의 합체,,,
여섯 개의 단추를 가진 미나 : 야마구치 교수의 사회학 세미나,,,
담배의 사회문화사,,,
(정창권 교수의)문화콘텐츠학 강의,,,
펭귄과 리바이어던,,,
(은밀한 욕망을 엿보는)크로스 .2,,,
모멸감,,,
호모디지쿠스로 진화하라 : 불안한 미래를 내 손 안에 넣는 법,,,
감정 독재,,,
파열의 시대,,,
시뮬라시옹,,,
서울에 딴스홀을 허하라,,,
삐딱하게 보기,,,
사피엔스의 미래 [2016 영어과],,,
EBS 지식e프라임 [2016 인문감성 프로그램].1 : 심리/인성교육,,,
EBS 지식e프라임 [2016 인문감성 프로그램].2 : 심리/인성교육,,,
EBS 지식e프라임 [2016 인문감성 프로그램].3 : 심리/인성교육,,,
잊혀진 조상의 그림자,,,
(6인 6색)이십일세기를 바꾸는 상상력,,,
빨강의 문화사,,,
잊혀진 조상의 그림자 [2017 화학과 R&T],,,
희생양,,,
보수는 왜 다문화를 선택했는가,,,
보수는 왜 다문화를 선택했는가,,,
보수는 왜 다문화를 선택했는가,,,
낯선 곳에서 나를 만나다,,,
세계시민 교과서,,,
21세기 문화 키워드 100,,,
"나눔,나눔,나눔",,,
리얼 하다,,,
인포메이션,,,
우리 옛 여인들의 멋과 지혜,,,
인생극장,,,
대중문화의 겉과 속,,,
다른 게 아니라 틀린 겁니다,,,
문명의 충돌,,,
권력이동,,,
권력이동,,,
미래쇼크,,,
오디세이3000,,,
맥도날드 그리고 맥도날드화,,,
소유의 종말,,,
(세계석학 103명이 제시한) 21세기 예측,,,
세계화의 덫,,,
"위험사회,새로운 근대(성)를 향하여",,,
(만화)21세기 키워드I,,,
제3물결,,,
21세기 지식키워드 100,,,
2001 싸이버스페이스 오디쎄이,,,
미래신문,,,
(만화)21세기 키워드II.2,,,
맞춤인간이 오고 있다,,,
두문화,,,
(새뮤얼 헌팅턴의)문명의 충돌과 21세기 일본의 선택,,,
(만화)21세기 키워드II [3].3,,,
미래 과학의 세계로 떠나보자1,,,
글로벌 정보사회의 전개와 대응,,,
미래 과학의 세계로 떠나보자2.2,,,
스크린 위의 삶,,,
우리는 마이크로 소사이어티로 간다,,,
앨빈 토플러 청소년 부의 미래,,,
유러피언 드림,,,
(세계적 미래학자 10인이 말하는)미래혁명,,,
새로운 미래가 온다,,,
커넥팅(2014 정보과 R&T),,,
3차 산업혁명(2014 정보과 R&T),,,
고독을 잃어버린 시간,,,
유엔미래보고서,,,
X 이벤트,,,
유엔미래보고서 2040,,,
부의 미래,,,
(앨빈토플러)부의 미래,,,
권력이동,,,
미래의 충격,,,
제 3의 물결,,,
(미래를 통찰하는 눈) 메가트렌드 2045,,,
기적의 모든 IT의 역사(2014 정보과 R&T),,,
엔트로피 ;21세기의 새로운 문명관,,,
(알기 쉬운)증강현실,,,
"스마트폰과 웹의 혁명, 증강 현실의 모든 것",,,
유엔미래보고서 2045,,,
창조적인 사람들은 어떻게 행동하는가 [2015년 물리과 R&E],,,
복잡계로 바라본 C-P-N-D ICCT 생태계,,,
문과 출신입니다만,,,
안티프래질,,,
세계미래보고서 2055,,,
제3의 눈:시선의 변화와 문명의 대전환,,,
스케일,,,
모두 거짓말을 한다,,,
팩트풀니스,,,
언컨택트,,,
언컨택트,,,
라이프 트렌드2020 : 느슨한 연대,,,
모두 거짓말을 한다,,,
모두 거짓말을 한다,,,
호모 엠파티쿠스가 온다,,,
호모 엠파티쿠스가 온다,,,
리볼트,,,
새로운 과학과 문명의 전환,,,
테크노 퓨처,,,
대중문화 속 과학읽기,,,
(당신은 이제)유티즌,,,
무한 미디어,,,
미디어의 이해,,,
(학교에서 배우는) 미디어 리터러시,,,
기술의 충격,,,
"빅 데이터, 세상을 이해하는 새로운 방법",,,
디지털 생존 교양,,,
뉴스의 시대,,,
매스미디어 연구방법론,,,
미래와의 대화[2016 창의재단 진로특성화],,,
미래와의 대화[2016 창의재단 진로특성화],,,
과학기술과 사회의 징검다리,,,
호모 모빌리쿠스,,,
미디어의 이해,,,
뉴스의 시대,,,
제2의 기계시대 : 인간과 기계의 공생이 시작된다,,,
불완전한 미래; 불확실한 세계에서의 기술과 자유,,,
앱 제너레이션,,,
페이스북 심리학,,,
퓨처 마인드,,,
로봇의 부상,,,
"로봇 시대, 인간의 일",,,
(그림 한 장으로 보는)최신 IT 트렌드 [2016 정보과 R&E],,,
생각공유,,,
"로봇 시대, 인간의 일 [2016 영어과]",,,
"섹스, 폭탄 그리고 햄버거",,,
"4차 산업혁명 시대, 전문직의 미래",,,
"사차 산업혁명, 비즈니스 트렌드. : 가상현실｜증강현실｜융합현실편",,,
사차 산업혁명과 빅뱅 파괴의 시대,,,
세상을 바꿀 테크놀로지 100,,,
"인공지능, 아직 쓰지 않은 이야기",,,
증강현실,,,
"로봇 시대, 인간의 일",,,
"로봇 시대, 인간의 일",,,
IT트렌드 스페셜 리포트,,,
챗봇혁명,,,
모바일 트렌드 2018,,,
대량살상수학무기,,,
"초연결시대, 공유경제와 사물인터넷의 미래",,,
"초연결시대, 공유경제와 사물인터넷의 미래",,,
"4차 산업혁명 시대, 전문직의 미래",,,
"4차 산업혁명 시대, 전문직의 미래",,,
"로봇 시대, 인간의 일",,,
로보스케이프,,,
(클라우스 슈밥의)제4차 산업혁명 더 넥스트,,,
인간은 필요 없다,,,
(The)Inevitable,,,
"로봇 시대, 인간의 일",,,
과학학이란 무엇인가,,,
인공지능(AI) 법과 공존윤리,,,
당신의 선택은? 과학기술,,,
초예측,,,
초예측,,,
포노 사피엔스,,,
(미래 인재를 만드는)4차 산업혁명 멘토링,,,
4차 산업혁명과 미래 신성장동력,,,
과학으로 쓰는 긍정의 미래,,,
위클리비즈 테크 트렌드 2018,,,
일본 기업은 AI를 어떻게 활용하는가,,,
(Digital literacy)당신을 공유하시겠습니까?,,,
(십 대가 알아야 할)인공지능과 4차 산업혁명의 미래,,,
인간은 필요 없다,,,
에이트,,,
에이트,,,
4차 산업혁명의 미래를 설계한다,,,
4차 산업혁명의 미래를 설계한다,,,
4차산업 사회로 떠나는 생각여행,,,
4차산업 사회로 떠나는 생각여행,,,
"(공학, 철학, 법학의 눈으로 본)인간과 인공지능",,,
"(공학, 철학, 법학의 눈으로 본)인간과 인공지능",,,
인문테크놀로지 입문,,,
인문테크놀로지 입문,,,
"테크노 사피엔스: 디지털로 입고, 먹고, 자는 신인류",,,
밥벌이의 미래,,,
Change 9,,,
Change 9,,,
2040 디바이디드,,,
4차 인간,,,
"AI 시대, 내 일의 내일",,,
어쩌면 가장 위험한 이야기,,,
인공지능의 현재와 미래,,,
Change 9,,,
Change 9,,,
"100 민주장정 100년, 광주.전남지역사회운동사 총서요약",,,
세월호를 기록하다,,,
후쿠시마에 산다,,,
관저의 100시간,,,
폭염사회,,,
오늘부터의 세계,,,
오늘부터의 세계,,,
오늘부터의 세계,,,
코로나 사피엔스,,,
코로나 사피엔스,,,
코로나 사피엔스,,,
팬데믹과 문명,,,
우리는 감염병의 시대를 살고 있습니다,,,
코로나 사피엔스,,,
뉴머러티,,,
미래예측보고서,,,
"카이스트, 미래를 여는 명강의 2014",,,
"카이스트, 미래를 여는 명강의 2016",,,
"카이스트, 미래를 여는 명강의 2015",,,
"명견만리 : 향후 인류에게 가장 중요한 것들을 말하다 : 인구, 경제, 북한, 의료 편 [2016 영어과].1",,,
"명견만리 : 우리가 준비해야 할 미래의 기회를 말하다 : 윤리, 기술, 중국, 교육 편 [2016 영어과].2",,,
명견만리,,,
(2015-2017)앞으로 3년 세계 트렌드,,,
일의 미래,,,
"명견만리.3 : 정치, 생애, 직업, 탐구 편",,,
호모 데우스,,,
"명견만리.3 : 정치, 생애, 직업, 탐구 편",,,
"명견만리 : 우리가 준비해야 할 미래의 기회를 말하다 : 윤리, 기술, 중국, 교육 편 [2016 영어과].2",,,
"명견만리 : 우리가 준비해야 할 미래의 기회를 말하다 : 윤리, 기술, 중국, 교육 편 [2016 영어과].2",,,
"명견만리 : 향후 인류에게 가장 중요한 것들을 말하다 : 인구, 경제, 북한, 의료 편 [2016 영어과].1",,,
"명견만리.3 : 정치, 생애, 직업, 탐구 편",,,
"명견만리 : 우리가 준비해야 할 미래의 기회를 말하다 : 윤리, 기술, 중국, 교육 편 [2016 영어과].2",,,
인공지능 혁명 2030,,,
포스트 휴머니즘과 문명의 전환,,,
대변동,,,
(존 나이스비트)미래의 단서,,,
공감의 시대,,,
세계미래보고서 2019,,,
세계미래보고서 2020,,,
초예측 부의 미래,,,
초예측 부의 미래,,,
세계미래보고서 2035-2055,,,
세계미래보고서 2035-2055,,,
코로나 이후의 세계,,,
코로나 이후의 세계,,,
세계미래보고서 2021,,,
NCS 의사소통 액션북 - 경청과 의사표현,,,
낯선 사람들이 만날 때,,,
대화의 신,,,
"How to talk to anyone, anytime, anywhere : the secrets of good communication",,,
어린이를 위한 경청의 힘:상대방의 마음을 움직이는 특별한 듣기 습관,,,
나를 중심으로 미디어 읽기,,,
유튜브 레볼루션,,,
"나는 접속한다, 고로 행복하다",,,
똑똑한 이상한 꿈틀대는 뉴미디어,,,
현대 한국가족의 이해,,,
"사랑은 지독한, 그러나 너무나 정상적인 혼란",,,
가족 부활이냐 몰락이냐,,,
"가족은 선물입니다 : 상처와 치유, 그리고 사랑 이야기",,,
고잉 솔로 싱글턴이 온다,,,
연애와 결혼의 과학,,,
이상한 정상 가족,,,
결혼할까 혼자살까,,,
남자의 결혼 여자의 결혼,,,
"팀 켈러, 결혼을 말하다",,,
곤란한 결혼,,,
"그 남자가 원하는 여자,그 여자가 원하는 남자",,,
초솔로사회,,,
혼자가 좋다,,,
다르게 사는 사람들 ;우리 사회의 소수자들 이야기,,,
신분의 종말,,,
"워킹 푸어, 빈곤의 경계에서 말하다",,,
다르게 사는 사람들,,,
다르게 사는 사람들,,,
다르게 사는 사람들,,,
다르게 사는 사람들,,,
불평등한 어린 시절,,,
라이프 프로젝트,,,
(사회적 주체성에 대한 철학적 탐구) 학벌사회,,,
나는 옐로에 화이트에 약간 블루,,,
나는 옐로에 화이트에 약간 블루,,,
공정하다는 착각,,,
공정하다는 착각,,,
공정하다는 착각,,,
공정하다는 착각,,,
"조선 노비들, 천하지만 특별한",,,
"조선 노비들, 천하지만 특별한",,,
"조선 노비들, 천하지만 특별한",,,
지금 중국주식 천만원이면 10년 후 강남 아파트를 산다,,,
벼랑에 선 사람들,,,
아픔이 길이 되려면,,,
인간은 왜 폭력을 행사하는가?,,,
동물학대의 사회학,,,
선량한 차별주의자,,,
선량한 차별주의자,,,
아름다운 참여,,,
백과총론,,,
자원봉사의 기초,,,
노인,,,
장애인,,,
여성,,,
지역사회,,,
보건·의료/환경/교통,,,
문화·예술/생활체육·스포츠이벤트,,,
국제협력,,,
세상을 바꾸는 돈의 사용법,,,
1퍼센트의 희망이라도,,,
무연사회,,,
말이 칼이 될 때,,,
말이 칼이 될 때,,,
사당동 더하기 25,,,
안나와디의 아이들,,,
이인식의 성과학탐사,,,
포르노 All boys do it!,,,
루나레나의 비밀 편지,,,
욕망의 진화,,,
욕망의 진화,,,
파리에서 보낸 한 시간,,,
그냥 좋게 받아들이세요,,,
성 문화와 심리,,,
아무도 대답해주지 않은 질문들,,,
별을 보내다,,,
"동성애 is: 한국 사회의 근간 뒤흔드는 동성애, 동성 결혼 바로 알기",,,
동성애에 대한 불편한 진실,,,
국가인권위원회법상 차별금지 사유: '성적 지향' 삭제 개정의 정당성,,,
동성애와 동성혼에 대한 21가지 질문,,,
동성애 과연 타고나는 것일까?: 동성애 유발요인에 대한 과학적 탐구,,,
"동성애 is: 한국 사회의 근간 뒤흔드는 동성애, 동성 결혼 바로 알기",,,
악어 프로젝트,,,
아주 특별한 용기,,,
마피아,,,
정의의 적들,,,
욕망의 진화,,,
위험한 식탁,,,
가습기 살균제 리포트,,,
고기로 태어나서,,,
"화학물질, 비밀은 위험하다",,,
엄마 내가 왕따예요,,,
나쁜 아이는 없다,,,
"너, 행복하니?",,,
"저요,할 말 있습니다",,,
사춘기가 인생을 결정한다,,,
이선생의 학교폭력 평정기,,,
폭력은 침묵 속에 전염된다,,,
소리없는 폭력 : 왕따 탈출 및 자기방어전략 실전 툴,,,
다문화가족 아동 청소년의 발달과정 추적을 위한 종단연구.1,,,
다문화가족 아동 청소년의 발달과정 추적을 위한 종단연구.2,,,
다문화가족 아동 청소년의 발달과정 추적을 위한 종단연구.3,,,
다문화청소년 종단조사 및 정책방안 연구.1 : 기초분석 보고서,,,
다문화청소년 종단조사 및 정책방안 연구.1 : 총괄보고서,,,
다문화청소년 종단조사 및 정책방안 연구.2 : 기초분석 보고서,,,
다문화청소년 종단조사 및 정책방안 연구.2 : 총괄보고서,,,
취약가정·시설의 아동·청소년 지원을 위한 종단연구.1,,,
학교폭력.1 : 그후로도 오랫동안,,,
"학교폭력.2 : 또 하나의 패밀리, 친구",,,
학교폭력.3 : 교실 평화 프로젝트- 초등편,,,
학교폭력.4 : 교실 평화 프로젝트-중.고등편,,,
학교폭력.5 : 치유의 전제,,,
학교폭력.6 : 어른들이 미안해,,,
"언어폭력.1 : 영혼의 상처, 언어폭력",,,
"언어폭력.2 : 욕, 세상을 병들게 한다",,,
10대 자살에 관한 보고서.1 : 왜 아이들이 자살하는가,,,
10대 자살에 관한 보고서.2 : 생존자와의 인터뷰[당신이 모르는 아이들의 이야기],,,
10대 자살에 관한 보고서.3 : 삶을 위한 방정식,,,
학교폭력예방감성교육프로젝트.1 : 자기감정 인식 및 감정조절,,,
학교폭력예방감성교육프로젝트.2 : 동기부여,,,
학교폭력예방감성교육프로젝트.3 : 타인감정 이해,,,
학교폭력예방감성교육프로젝트.4 : 사회적 능력,,,
박상미의 고민사전-청소년·학부모편,,,
박상미의 고민사전-청소년·학부모편,,,
바그다드 천사의 시,,,
테러 시대의 철학,,,
타인의 고통,,,
시선,,,
도라지 꽃,,,
나비의 노래,,,
25년간의 수요일. : 일본군'위안부'할머니들의 평화의 날갯짓,,,
"자살, 차악의 선택 : 자살의 성찰성과 소통 지향성",,,
자살론,,,
우리 부모님,,,
100세 수업,,,
술잔 속의 올챙이,,,
휴대폰에 빠진 내 아이 구하기,,,
타겟티드,,,
타겟티드,,,
노모포비아 스마트폰이 없는 공포,,,
즐거운 불편,,,
날아라 장산곶매야,,,
노는 만큼 성공한다,,,
왜 세계의 절반은 굶주리는가?,,,
왜 음식물의 절반이 버려지는데 누군가는 굶어 죽는가,,,
왜 세계의 절반은 굶주리는가?,,,
왜 세계의 절반은 굶주리는가?,,,
왜 세계의 절반은 굶주리는가?,,,
왜 세계의 절반은 굶주리는가?,,,
왜 세계의 절반은 굶주리는가?,,,
빵과 벽돌,,,
빵과 벽돌,,,
내가 살던 용산,,,
떠날 수 없는 사람들,,,
(사치의 나라)럭셔리 코리아,,,
지구화 시대의 전세계 노동자,,,
노동의 종말,,,
청소년을 위한 노동법 길라잡이,,,
우리는 왜 이런 시간을 견디고 있는가 [2015년 국어과],,,
10년 후 대한민국 미래 일자리의 길을 찾다,,,
누가 나를 쓸모없게 만드는가,,,
길에서 만난 사람들,,,
감정노동,,,
소금꽃 나무,,,
고용구조 변화와 노동조합의 고용정책,,,
가슴 뛰는 삶의 이력서로 다시 써라,,,
성적은 짧고 직업은 길다,,,
준비가 알차면 직업이 즐겁다,,,
궁금해요! 디자이너가 사는 세상,,,
궁금해요! 요리사가 사는 세상,,,
궁금해요! 변호사가 사는 세상,,,
궁금해요! 의사가 사는 세상,,,
궁금해요! 기자가 사는 세상,,,
역사 속에 사라진 직업들,,,
"알고 싶은 직업 만나고 싶은 직업 : 2009 중, 고등학생을 위한 한국직업사전",,,
톡톡튀는 이색학과 눈길끄는 이색직업,,,
신생 및 이색직업,,,
(2009) 미래의 직업세계 : 직업편,,,
(2009)미래의 직업세계 :학과편.[2],,,
미래의 직업세계(학과편),,,
"하고 싶은 일 해, 굶지 않아 : 학벌.스펙 무시하고 '즐거운 내 직업' 찾은 7인의 이야기 [2016 연구학교]",,,
나는 무슨 일 하며 살아야 할까? [2016 연구학교],,,
(만화로 보는)직업의 세계 5편 ; 진로 선택을 위한 10년 후 유망 직업100.5,,,
(만화로 보는)직업의 세계 2 ; 진로 선택을 위한 10년 후 유망 직업100.2,,,
만화로 보는 직업의 세계 :진로선택을 위한 10년 후 유망 직업 100 1편.1,,,
(만화로 보는)직업의 세계 3편.3,,,
(만화로 보는)직업의 세계 4편 ; 진로 선택을 위한 10년 후 유망 직업100.4,,,
상담사례로 보는 학부모를 위한 직업진로 가이드,,,
2017 한국직업전망,,,
굿 워크,,,
한국 노동계급의 형성,,,
전태일 평전,,,
전태일 평전,,,
이어달리기,,,
여성학 강의,,,
제2의 성 상.1,,,
제2의 성 하.2,,,
(여성의 눈으로 본)섹슈얼리티와 대중문화,,,
제2의 성 상.1,,,
제2의 성 하.2,,,
성찰적 근대성과 페미니즘,,,
새 여성학강의,,,
우마드,,,
"소녀, 설치고 말하고 생각하라",,,
여자라는 문제 : 교양 있는 남자들의 우아한 여성 혐오의 시작,,,
용감한 소녀들이 온다,,,
페미니즘 교실,,,
"쥬이쌍스,그녀들의 심장",,,
여자가 꼭 알아야 할 모든 것 = Everything women should know,,,
홀가분한 삶,,,
나는 예쁘지 않습니다,,,
톰보이,,,
헝거,,,
십대를 위한 동화 속 젠더 이야기,,,
출근길의 주문,,,
(이임하의)여성사 특강,,,
(이임하의)여성사 특강,,,
세계 여성의 역사,,,
나는 페미니스트이다,,,
내셔널리즘과 젠더,,,
내일을 준비하는 여성들에게,,,
미래에서 온 편지,,,
여성시대에는 남자도 화장을 한다,,,
다이어트의 성정치,,,
(권인숙 선생님의)어린이 양성 평등 이야기,,,
지구에서 여자로 산다는 것,,,
며느리 사표,,,
나의 첫 젠더 수업,,,
며느리 사표,,,
(교과서에 나오지 않는)위험하고 위대한 여자들,,,
세상을 바꾼 101가지 사건,,,
세상을 바꾼 101가지 사건,,,
사막의 새벽,,,
우리에겐 언어가 필요하다,,,
여자들은 자꾸 같은 질문을 받는다,,,
남자들은 자꾸 나를 가르치려 든다,,,
페미니스트 유토피아,,,
그 페미니즘은 틀렸다 : 혐오에서 연대로,,,
여성성의 신화,,,
성의 변증법,,,
교차성×페미니즘,,,
페미니즘 선언,,,
그 일은 전혀 사소하지 않습니다,,,
"저는 남자고, 페미니스트입니다",,,
내가 진짜 하고 싶은 말,,,
정치적인 식탁,,,
우리에겐 언어가 필요하다. : 입이 트이는 페미니즘,,,
(만화로 보는) 성차별의 역사,,,
페미니즘은 전쟁이 아니다. : 우리는 왜 젠더 전쟁에서 자유로워져야 하는가?,,,
엄마는 페미니스트,,,
페미니즘 탐구생활,,,
나는 성차별에 반대합니다,,,
"다시, 쓰는, 세계",,,
"다시, 쓰는, 세계",,,
"세상의 절반,여성이야기",,,
핑크와 블루를 넘어서,,,
그 남자는 왜 이상해졌을까?,,,
"한국, 남자",,,
20대 남자. : '남성 마이너리티' 자의식의 탄생,,,
맨박스 : 남자다움에 갇힌 남자들,,,
"엄마, 다녀올게요",,,
열일곱의 나눔 공작서,,,
스웨덴 스타일,,,
미국에서 태어난게 잘못이야,,,
세계를 보는 새로운 창,,,
물에 빠진 아이 구하기,,,
걷기만 하면 돼,,,
재난은 몰래 오지 않는다,,,
거부당한 몸,,,
다르지만 다르지 않습니다,,,
손가락 끝으로 꿈꾸는 우주인,,,
창의성을 잡아요. 확!,,,
"취약계층 아동청소년 종단조사.2 : 지역아동센터, 청소년방과후아카데미, 양육시설 이용 아동·청소년을 중심으로",,,
"취약계층 아동청소년 종단조사.3 : 지역아동센터, 청소년방과후아카데미, 양육시설 이용 아동·청소년을 중심으로",,,
"비고츠키와 창의성: 놀이, 의미 만들기, 예술에 대한 문화, 역사적 접근 [2016 교양교과 R&T]",,,
노년,,,
NGO의 시대,,,
NGO와 현대사회,,,
선을 위한 힘,,,
고장 난 거대 기업,,,
즐거운 모금 행복한 기부 [2015년 국어과],,,
유엔아동권리협약을 만나다,,,
"플라스티키, 바다를 구해줘",,,
가난한 사람이 더 합리적이다,,,
리더와 보스,,,
"리바이어던,근대 국가의 탄생[독서 마일리지 추천도서]",,,
왜 지금 한나 아렌트를 읽어야 하는가?,,,
"리바이어던, 근대 국가의 탄생[독서 마일리지 추천도서]",,,
아렌트의 정치 [2015년 국어과],,,
"청소년, 정치의 주인이 되어 볼까?",,,
민주주의.1 : 시민의 권력의지,,,
"민주주의.2 : 민주주의의 엔진, 갈등",,,
민주주의.3 : 민주주의가 우선한다,,,
세상이 확 달라지는 정치 이야기,,,
"정치 이야기, 뭔데 이렇게 재밌어?",,,
(힙합)청소년 정치학,,,
정치적 올바름에 대하여,,,
찢겨진 산하,,,
흔들리는 분단체제,,,
사회정의론,,,
속도와 정치,,,
정의란 무엇인가,,,
"아리스토텔레스의 정치학,행복의 조건을 묻다",,,
정의란 무엇인가[독서 마일리지 추천도서],,,
정의란 무엇인가[독서 마일리지 추천도서],,,
인간을 위한 약속,,,
서양 근대 정치사상사,,,
정치학 이해의 길잡이,,,
정치학,,,
사회계약론,,,
사회계약론,,,
정의론,,,
서양 정치사상사 산책 [2016 사회과 R&T],,,
서양 근대 정치사상사 ; 마키아벨리에서 니체까지 [2016 사회과 R&T],,,
(10대를 위한) 정의란 무엇인가 [2017 국어과 R&T]. : 하버드대 마이클 샌델 교수의 정의수업,,,
정치의 책,,,
(명역고전)정관정요,,,
네가 나라다,,,
"막스 베버, 소명으로서의 정치",,,
"막스 베버, 소명으로서의 정치",,,
"정치, 알아야 세상을 바꾼다",,,
서양 고대·중세 정치사상사,,,
좋은 삶의 정치사상,,,
서양 고대·중세 정치사상사 : 아테네 민주주의에서 르네상스까지 [2016 사회과 R&T],,,
승자학,,,
심리정치,,,
나는 진보인데 왜 보수의 말에 끌리는가?,,,
삼민주의,,,
통치론/자유론,,,
청소년을 위한 이야기 정치학,,,
청소년을 위한 정치이야기,,,
나의 길 나의 사상,,,
서구 정치사상 고전읽기,,,
(좌파 아빠가 들려주는)좌파 이야기,,,
서구 정치사상 고전읽기,,,
공화주의,,,
엘포의 유토피아 기행,,,
민족주의란 무엇인가,,,
타락한 저항,,,
타락한 저항,,,
자유 민주주의의 본질과 미래,,,
민주주의의 이념과 역사,,,
데모크라토피아를 향하여,,,
공간으로 본 민주주의,,,
민주주의 색깔을 묻는다 : 불안의 시대를 건너는 청춘들에게,,,
현대 정치사상의 파노라마,,,
노예의 길,,,
비통한 자들을 위한 정치학,,,
(EBS 다큐프라임)민주주의,,,
민주주의를 만든 생각들,,,
민주주의를 만든 생각들,,,
보수의 정신,,,
이 세상이 백 명이 놀러 온 캐핑장이라면,,,
일본의 전후책임을 묻는다,,,
일본의 전후책임을 묻는다,,,
군주론,,,
"니콜로 마키아벨리, 군주론",,,
노량진 군주론,,,
파시즘,,,
빵의 쟁취,,,
빵의 쟁취,,,
수상은 수영장에 산다?,,,
(세계 경제를 조종하는) 그림자 정부,,,
진보가 보수에게1,,,
당당한 아름다움,,,
이런 바보 또 없습니다 아! 노무현,,,
"노무현 상식, 혹은 희망",,,
"김대중,희망을 위한 여정",,,
내 청춘의 감옥,,,
조국현상을 말한다,,,
닥치고 정치,,,
달려라 정봉주,,,
주진우의 정통시사활극 주기자,,,
(문재인의 힘)사람이 먼저다,,,
안철수의 생각,,,
어떻게 살 것인가,,,
그가 그립다,,,
표심의 역습,,,
불가능한 것의 가능성,,,
"노무현의 사람들, 이명박의 사람들",,,
어떻게 살 것인가,,,
(유시민의 헌법 에세이)후불제 민주주의,,,
"대한민국이 묻는다 : 완전히 새로운 나라, 문재인이 답하다",,,
끝나지 않은 전쟁,,,
별종의 기원,,,
지구를 구하는 정치책,,,
낯선 시선,,,
빨간약,,,
청소년을 위한 정치학 에세이,,,
민주주의에 반하다,,,
어떻게 살 것인가,,,
어떻게 살 것인가,,,
사람이 있었네,,,
결,,,
머리는 진보 가슴은 보수 당신은 어느 쪽인가?,,,
(제2개정판)우상과 이성,,,
20세기의 문명과 야만,,,
개와 늑대들의 정치학,,,
대통령이 다스리는 나라 총리가 다스리는 나라,,,
통일교실,,,
(2+4 통일 심리학)분단을 넘어 통일을 향해,,,
(우리 모두가 함께하는)백기완의 통일 이야기,,,
"우리 통일, 어떻게 할까요",,,
책문 시대의 물음에 답하라,,,
만화 박정희2 [2].2,,,
만화 박정희1 [1].1,,,
"하나의 대한민국,두 개의 현실",,,
어둠은 빛을 이길 수 없습니다,,,
진보의 미래,,,
좌우파 사전,,,
한국미주화운동사1.1,,,
한국미주화운동사2.2,,,
한국미주화운동사3.3,,,
"과학의 양심,천안함을 추적하다",,,
노동 없는 민주주의의 인간적 상처들,,,
정의란 무엇인가[독서 마일리지 추천도서],,,
만화 박정희1 [1].1,,,
만화 박정희2 [2].2,,,
만화 박정희1 [2016 연구학교].1,,,
만화 박정희2 [2016 연구학교].2,,,
왜 분노해야 하는가 : 한국자본주의 2 분배의 실패가 만든 한국의 불평등 [2016 인문감성 프로그램],,,
진보의 재탄생,,,
"국가가 할일은 무엇인가; 새로운 사회, 새로운 세대에 필요한 국가를 말한다",,,
"탄핵, 헌법으로 체크하다",,,
진보의 재탄생,,,
선을 넘어 생각한다,,,
나의 MB재산답사기,,,
아주 낯선 상식,,,
담대한 여정,,,
박근혜정권 퇴진 촛불의 기록.1 : 1700만 촛불과 함께한 모든날이 행복했다,,,
(박근혜 정권 퇴진) 촛불의 기록.2,,,
담대한 여정,,,
한반도 특강,,,
한국 정치의 결정적 순간들,,,
한국 정치의 결정적 순간들,,,
검찰개혁과 촛불시민,,,
검찰개혁과 촛불시민,,,
새로운 황제들,,,
새로운 황제들,,,
차이나스 리더스,,,
"도올, 시진핑을 말한다",,,
19세기 일본의 근대화,,,
일본 우익 설계자들,,,
전후 일본의 이해,,,
일본인과 천황,,,
다라야의 지하 비밀 도서관,,,
개인 대 국가,,,
독일의 통일과 위기,,,
"이봐,내 나라를 돌려줘",,,
멍청한 백인들,,,
도널드 트럼프,,,
도널드 트럼프,,,
화염과 분노,,,
민중의 호민관 차베스/,,,
지리의 힘,,,
지리의 힘,,,
지리의 힘,,,
(한국문화작가 50인이 본)제4의 물결 김대중,,,
전봉준평전,,,
김대중 새로운 시작을 위하여,,,
(중국 개혁의 기수 주룽지)내 관도 준비되어 있다,,,
반동적 근대주의자 박정희,,,
위대한 영혼의 스승이 보낸 63통의 편지,,,
(명상과 혁명)비노바 바베,,,
"티벳, 나의 조국이여",,,
백범일지,,,
나폴레옹,,,
마오 쩌둥,,,
백범일지,,,
(힐러리 로댐 클린턴)살아 있는 역사1.1,,,
(힐러리 로댐 클린턴)살아 있는 역사2.2,,,
프랭클린 자서전,,,
덩샤오핑 평전,,,
백범김구평전,,,
나의 친구 마키아벨리,,,
힐러리의 삶,,,
(민주주의의 등불)장준하,,,
여자라면 힐러리처럼,,,
넬슨 만델라 평전,,,
성공과 좌절,,,
내 마음 속 대통령,,,
여학생이면 꼭 배워야 할 힐러리 파워,,,
운명이다 : 노무현 자서전,,,
(문재인의)운명,,,
혁명가들의 항일 회상,,,
간디 자서전,,,
싸울 기회 [2015년 국어과],,,
(한 지식인의 삶과 사상) 대화,,,
나의 투쟁,,,
백범일지,,,
(만화)전두환 ^1 ; 화려한 휴가.1,,,
만화 전두환 2; 인간에 대한 예의.2,,,
(만화) 김대중. 1 : 하의도에 핀 인동초.1,,,
만화 김대중 2 : 행동하는 양심.2,,,
(만화) 김대중. 4 :시대의 한계를 넘어.4,,,
(만화) 김대중. 5 :역사는 발전한다.5,,,
만화 김대중 3 ; 죄 없는 사형수.3,,,
(만화)전두환 ^1 ; 화려한 휴가.1,,,
만화 전두환 2; 인간에 대한 예의 [2016 연구학교].2,,,
(문재인의) 운명:특별판,,,
바람 없는 천지에 꽃이 피겠나,,,
"나, 펑더화이에 대하여 쓰다",,,
비커밍,,,
김대중 자서전.1,,,
김대중 자서전.2,,,
국가란 무엇인가,,,
(청소년을 위한) 유토피아,,,
(청소년을 위한)통일인문학,,,
대한민국헌법,,,
대한민국 헌법 [2016 연구학교],,,
국가란 무엇인가,,,
국가란 무엇인가,,,
"다시, 국가를 생각하다 [2017 음악과]",,,
유토피아,,,
십시일反,,,
인권은 교문 앞에서 멈춘다,,,
(교사를 위한)인권교육 기본용어,,,
사이시옷,,,
길에서 만난 세상,,,
(교사를 위한)학교 인권 교육의 이해,,,
아파서 우는 게 아닙니다,,,
(노벨 평화상 수상자와 함께하는) 평화학교,,,
"가장 인권적인, 가장 교육적인",,,
불편해도 괜찮아,,,
별별차별,,,
불편해도 괜찮아,,,
어깨동무,,,
어깨동무,,,
어깨동무,,,
어깨동무,,,
사이시옷,,,
사이시옷,,,
사이시옷,,,
사이시옷,,,
다수를 위한 소수의 희생은 정당한가?,,,
(인권연대의 청소년)인권 특강,,,
인권 수업,,,
(인권연대의 청소년)인권 특강,,,
우리에겐 기억할 것이 있다,,,
우리에겐 기억할 것이 있다,,,
사람답게 아름답게 ;차변호사의 행복한 인권 이야기,,,
학교에 사람꽃이 피었습니다,,,
학교에 사람꽃이 피었습니다,,,
인종차별의 역사,,,
딸에게 들려주는 인종차별 이야기,,,
킹 메이커.3 : 당신들의 선거운동은 석기시대의 것이다,,,
미디어와 미국선거,,,
미국인도 잘 모르는 미국 선거 이야기,,,
왜 어떤 정치인은 다른 정치인보다 해로운가,,,
탈냉전시대의 새로운 도전,,,
세계는 지금 어디로 가고 있나,,,
우리는 평화를 배운다,,,
세계를 이끄는 생각,,,
군대 없는 나라 전쟁 없는 나라 : 누가 전쟁을 일으키고 있을까?,,,
지구촌과 세계시민,,,
(분단 극복을 위해 헌신한 외교관)초강 이범석 평전,,,
"청춘, 국제기구에 거침없이 도전하라",,,
"청춘, 국제기구에 거침없이 도전하라",,,
(마담 세크러터리)매들린 올브라이트1.1,,,
(마담 세크러터리)매들린 올브라이트2.2,,,
굿모닝 밀레니엄,,,
21세기의 남북한 정치,,,
한국 대외교류의 역사,,,
정세현의 외교토크,,,
한일교류사 - 새로운 이웃나라 관계를 구축하기 위하여,,,
"아베, 그는 왜 한국을 무너뜨리려 하는가",,,
"아베, 그는 왜 한국을 무너뜨리려 하는가",,,
"아베, 그는 왜 한국을 무너뜨리려 하는가",,,
"아베, 그는 왜 한국을 무너뜨리려 하는가",,,
"아베, 그는 왜 한국을 무너뜨리려 하는가",,,
"아베, 그는 왜 한국을 무너뜨리려 하는가",,,
(호사카 유지의)일본 뒤집기,,,
(호사카 유지의)일본 뒤집기,,,
이제는 미국이 대답하라,,,
(김하중의) 중국이야기.2,,,
블로우백,,,
"정복의 역사,USA",,,
미국시대의 종말,,,
거대한 체스판,,,
미국이 진정으로 원하는 것,,,
(정주진의)평화 특강,,,
식민지의 아들에게,,,
전쟁이 끝난 후,,,
9.11 위대한 기만,,,
세계의 분쟁 바로보기,,,
"아부알리,죽지마",,,
(한눈에 보는)세계 분쟁 지도,,,
미국과 대량학살의 시대,,,
제국의 오만,,,
"석유,욕망의 샘",,,
중동은 불타고 있다,,,
IS,,,
테러리스트의 아들,,,
(말단에서 장관으로 오르는)공무원 승진의 연금술,,,
가장 중요한 것은 용기이다,,,
21세기와 한민족,,,
대통령의 말하기,,,
대통령의 말하기,,,
대통령의 말하기 [2016 체육과],,,
재난안전,,,
"덜미, 완전 범죄는 없다",,,
"덜미, 완전 범죄는 없다.2",,,
지방도시 살생부,,,
(공무원이 경영하는 회사)주식회사 장성군,,,
교황에게 쌀을 먹인 남자,,,
상식보다 쉬운 법률 이야기,,,
(아는 만큼 힘이 되는)청소년의 법과 생활,,,
무원록 : 조선의 법과 정의 [2016 인문감성 프로그램].1 : 억울함을 없게 하라,,,
무원록 : 조선의 법과 정의 [2016 인문감성 프로그램].2 : 자살이냐 타살이냐,,,
"무원록 : 조선의 법과 정의 [2016 인문감성 프로그램].3 : 법, 최소한의 정의",,,
법과 정의 [2016 인문감성 프로그램].1 : 법은 누구 편인가,,,
"법과 정의 [2016 인문감성 프로그램].2 : 정의의 오랜 문제, 어떻게 나눌까",,,
"법과 정의 [2016 인문감성 프로그램].3 : 죄와 벌, 인감을 처벌하는 어려움에 관하여",,,
한국인의 법과 생활,,,
이런 법이 어딨어?,,,
대한민국에 정의를 묻다,,,
소파 위의 변호사,,,
판결과 정의,,,
(재미있는) 법률여행.1 : 민법 재산법,,,
청소년의 법과 생활,,,
(알아두면 유용한)퇴근길 법툰,,,
오늘의 법정을 열겠습니다,,,
(청소년을 위한)법학 에세이,,,
(청소년을 위한)법학 에세이,,,
(청소년을 위한)법학 에세이,,,
우리들의 변호사,,,
왜 나는 법을 공부하는가,,,
블루 드레스,,,
판사유감,,,
달빛 변호사,,,
판사유감,,,
판사유감,,,
이 아이들에게도 아버지가 필요합니다,,,
정의의 상을 찾아서,,,
(시민의 편에서 약자의 손을 잡아 준) 판결,,,
법의 정신,,,
법의 정신,,,
법의 정신,,,
혐오와 수치심,,,
혐오와 수치심,,,
(미국의 힘)예일 로스쿨,,,
꿈꾸는 자는 멈추지 않는다,,,
디케의 눈,,,
불멸의 신성가족,,,
어떻게 살인자를 변호할 수 있을까?,,,
어떻게 살인자를 변호할 수 있을까?2.2,,,
포기하지 않으면 불가능은 없다,,,
"(판사, 검사, 변호사가 말하는)법조인",,,
데스노트에 이름을 쓰면 살인죄일까,,,
"아니야, 우리가 미안하다",,,
나는 그렇게 생각하지 않습니다,,,
열정페이는 개나 줘,,,
기울어진 저울,,,
(이병호자서전)자유인,,,
(이병호자서전)자유인,,,
지구촌 곳곳에 너의 손길이 필요해,,,
독도영유의 진실 이해,,,
판결을 다시 생각한다 [2015년 국어과],,,
헌법의 발견,,,
"지금 다시, 헌법",,,
처음 읽는 헌법,,,
"지금 다시, 헌법",,,
헌법의 귀환,,,
(말랑하고 정의로운 영혼을 위한)헌법 수업,,,
헌법의 풍경,,,
만화판례헌법.1 : 헌법과 정치제도,,,
만화판례헌법.2 : 헌법과 기본권,,,
사례헌법연습 [2016 사회과 R&T],,,
우리에게는 헌법이 있다,,,
우리에게는 헌법이 있다,,,
사일육세월호 민변의 기록,,,
한눈으로 보는 행정절차 법령의 이해,,,
이유 있는 반대,,,
한국 전자감독제도론,,,
십대의 손으로 정의로운 사회 만들기,,,
재미있는 법률여행.3 : 형법,,,
재미있는 법률여행.4 : 형사소송법,,,
연쇄 살인범의 고백,,,
왜 그들은 우리를 파괴하는가,,,
사이코패스는 일상의 그늘에 숨어 지낸다,,,
모든 범죄는 흔적을 남긴다,,,
공범들의 도시,,,
공범들의 도시,,,
이수정 이다혜의 범죄 영화 프로파일,,,
감시와 처벌;감옥의 역사,,,
감시와 처벌,,,
감시와 처벌,,,
소년을 위한 재판,,,
소년을 위한 재판,,,
(재미있는)법률여행,,,
법을 알면 세상이 보인다,,,
민법사례연습 : 사례와 해설 [2016 사회과 R&T].I : 민법총칙,,,
민법사례연습 : 사례와 해설 [2016 사회과 R&T],,,
재미있는 법률여행.2 : 민법: 가족법,,,
민법사례 고득점 POINT [2016 사회과 R&T],,,
(부동산 경매와 관련된 사례중심의) 부동산등기 완전정복,,,
특허공학,,,
재판으로 본 세계사,,,
권력과 검찰:괴물의 탄생과 진화,,,
한국의 연쇄살인,,,
셜록 홈스 과학수사 클럽,,,
재미있는 법률여행.5 : 민사소송법,,,
월급쟁이를 위한 부동산 경매,,,
미국 헌법과 인권의 역사,,,
미국을 발칵 뒤집은 판결 31,,,
교육과 창의성,,,
21세기 교육의 큰 두 개의 축,,,
교육과 삶의 질,,,
새 시대를 위한 교육의 이해,,,
敎育學槪論,,,
교육학개론,,,
교육학개론,,,
STEAM 융합교육의 이론과 실제,,,
바람직한 인성교육을 위한 삶은 교육학 개론(바람직한 인성교육을 위한)(양장본 HardCover),,,
백워드 설계의 이론과 실천: 교실혁명,,,
(교육의 새로운 만남을 위한) 교육학개론,,,
최신교육학개론,,,
선진국의 학교교육,,,
(핵심)교육학,,,
실패한 교육과 거짓말,,,
교육학 상.1,,,
교육학 하.2,,,
곽내영 교육학 상.1,,,
곽내영 교육학 하.2,,,
(과로사회를 위한)존 화이트의 교육철학,,,
배움은 어리석을수록 좋다,,,
배움은 어리석을수록 좋다,,,
"혁신학교, 행복한 배움을 꿈꾸다",,,
교육의 쓸모,,,
학교를 철학하다 : 사토 마나부의 학교개혁의 철학,,,
교육철학 및 교육사의 이해,,,
교육철학,,,
한국사회의 교육열,,,
꽃으로도 아이를 때리지 말라,,,
ET 할아버지와 두밀리 자연학교,,,
하버드 학생들은 더이상 인문학을 공부하지 않는다,,,
한국교육연감.1992,,,
광주교육통계연보.2001,,,
광주교육통계연보.2000,,,
광주교육통계연보.2004,,,
광주교육통계연보.1989,,,
광주교육통계연보.1990,,,
광주교육통계연보.1991,,,
광주교육통계연보.1993,,,
광주교육통계연보.1995,,,
광주교육통계연보.1997,,,
광주교육통계연보.1998,,,
미래를 조각하는 아이들,,,
학교가 무너지면 미래는 없다,,,
학교지식의 정치학,,,
위기의 공교육 어디로 가야 하는가?,,,
히말라야 도서관,,,
교육 불가능의 시대,,,
왜 잘사는 집 아이들이 공부를 더 잘하나?,,,
그 많은 똑똑한 아이들은 어디로 갔을까? [2016 체육과],,,
정말로 누구나 평등할까?,,,
(역량기반교육과정실천)함께해서 즐거운 세계시민교육,,,
글로벌시대의 세계시민교육,,,
사회자본의 교육적 해석과 활용,,,
수업 시간에 자는 아이들,,,
교육사회학,,,
공부하는 인간,,,
(해리포터와 치이로 세대의)요즘 아이들,,,
아이안에 숨어있는 두뇌의 힘을 키워라,,,
부모와 아이 사이,,,
교사와 학생 사이,,,
다중지능,,,
왜 학생들은 학교를 좋아하지 않을까?,,,
교육심리학,,,
문학교육심리학,,,
Handbook of Metacognition in Education,,,
격려하는 선생님,,,
교사 상처,,,
"관계의 교육학, 비고츠키",,,
교육심리학의 이론과 실제,,,
부모와 십대사이,,,
어떻게 공부할 것인가,,,
비고츠키 불협화음의 미학,,,
창의적 사고와 문제해결력으로 승부하라,,,
창의 혁명,,,
영화 만들기로 창의융합 수업하기,,,
교육법과 교육기본권,,,
한국교육법,,,
(2007 개정판)교육법전1.1,,,
(2007 개정판)교육법전2.2,,,
(2006개정판)교육법전1.1,,,
(2007 개정판)교육법전2.2,,,
무슨 재미로 학교를 다니는가,,,
서울과학고 이야기,,,
참교육의 함성,,,
서울에서 하버드까지,,,
무슨 재미로 학교를 다니는가,,,
교실 이데아,,,
서울대보다 하버드를 겨냥하라,,,
서울대보다 하버드를 겨냥하라2.2,,,
행복한 교실,,,
열쇠 내일을 여는 사람들,,,
"이범,공부에 반하다",,,
마을이 학교다 : 함께 돌보고 배우는 교육공동체,,,
이우학교 이야기 :가장 이상적인 것이 가장 현실적이다,,,
2020 미래교육보고서,,,
(조벽 교수의)인재 혁명,,,
한 영혼이 자라면 온 세계가 성장한다,,,
학교의 눈물,,,
서울대 의대 3인 합격 수기,,,
삶·문학·교육,,,
나는 바보 선생입니다,,,
변방의 아이들,,,
선생 하기 싫은 날,,,
공부해서 남 주자,,,
교사 인문학,,,
교사독립선언,,,
교사독립선언.2,,,
교사독립선언 세 번째 이야기,,,
교사생활 월령기,,,
교사동감,,,
그 아이만의 단 한 사람,,,
스승은 있다 : 좋은 선생도 없고 선생 운도 없는 당신에게,,,
왜 공부하는가,,,
유령에게 말걸기,,,
학교의 품격. : 삶이 있는 공간이 되려면 학교는 어떻게 변해야 할까?,,,
창의지성교육과 민주주의학교,,,
수업 레시피,,,
날아라 꿈의 학교,,,
날아라 꿈의 학교,,,
배우면 나와 세상을 이해하게 됩니다,,,
학교가 꿈꾸는 교육 교육이 숨쉬는 학교,,,
나는 오늘도 교사이고 싶다,,,
(사이토 다카시의)진정한 학력,,,
팬티 바르게 개는 법,,,
팬티 바르게 개는 법,,,
"왜, 아이들은 학교를 벗어나고 싶어할까?",,,
"왜, 아이들은 학교를 벗어나고 싶어할까?",,,
학교의 품격,,,
학교의 품격,,,
공부는 정의로 나아가는 문이다,,,
한국 교육의 쟁점에 관한 연구,,,
교육의 탐구,,,
(아무도 의심하지 않는)일곱 가지 교육 미신,,,
와일드,,,
(교육˙심리˙사회)연구방법론[2016 R&E 화학과],,,
교육연구방법의 이해 = Introduction to educational research [2016 화학과],,,
프리스쿨,,,
서른 일곱 명의 애인,,,
창의성에의 초대,,,
행복을 가꾸는 교실,,,
"창의성 교육, 그 이론과 실제",,,
어떻게 영재가 될까?,,,
공감의 뿌리 : 아이들 한 명 한 명이 세상을 바꾼다,,,
간디학교의 행복 찾기,,,
이우학교 이야기,,,
한국의 민주시민교육,,,
혁신학교는 지속 가능한가,,,
시민교육이 희망이다,,,
한반도 평화교육 어떻게 할 것인가,,,
에밀,,,
"학교, 민주시민교육을 실천하다!",,,
성과행복,,,
훈화교육의 지혜,,,
"슈퍼캠프, 인성을 기르는 마법의 수업 [2015년 교양교과 R&T]",,,
인성교육의 이해와 실천,,,
결국 인성이 이긴다,,,
교육사 교육 철학의 이론과 실제,,,
한국교육의 미래와 도전,,,
한국의 교육과 사회,,,
과거공부를 알아야 우리교육이 보인다,,,
(역사적 전환시대의) 한국교육,,,
교육전쟁론,,,
북한에서는 어떻게 교육할까,,,
(이범의)교육특강,,,
대한민국의 시험,,,
대한민국의 시험,,,
사라진 교사를 찾습니다,,,
조선의 밥상머리 교육,,,
조선의 밥상머리 교육,,,
행복을 배우는 덴마크 학교 이야기,,,
행복을 배우는 덴마크 학교 이야기,,,
꼴찌도 행복한 교실 : 독일을 알면 행복한 교육이 보인다,,,
독일 교육 이야기:꼴찌도 행복한 교실,,,
꼴찌도 행복한 교실 : 독일을 알면 행복한 교육이 보인다,,,
꼴찌도 행복한 교실 : 독일을 알면 행복한 교육이 보인다,,,
"하워드 진, 교육을 말하다",,,
진격의 대학교,,,
(재일 조선인 1세 민족교육자 이경태)분단과 대립을 넘어,,,
위대한 대화,,,
따뜻한 푯대,,,
우암의 교육과 삶.1,,,
우암의 교육과 삶.2,,,
교육개혁을 Design한다,,,
지방교육자치제도론,,,
지방교육자치의 현실과 '이상',,,
왜 학교는 불행한가,,,
마이클 애플의 민주학교,,,
"촛불, 교실을 밝히다",,,
혁신교육지구란 무엇인가,,,
교육행정 및 교육경영,,,
교육행정 및 교육경영,,,
교육행정 및 학교경영의 이해,,,
주요국의 교육행정제도와 교육개혁 동향,,,
한국교육행정의 현안문제,,,
학교단위책임경영의 이론과 실제,,,
敎育行政學原論,,,
한국교육의 현단계,,,
21세기의 한국적 교육개혁의 방향,,,
웃기는 학교 웃지 않는 아이들,,,
칼리의 프랑스 학교 이야기,,,
내 안의 빛나는 1%를 믿어준 사람,,,
학교를 바꾸다 : 교장공모제 학교 2년의 기록,,,
평균의 종말,,,
(교실 속 변화를 꿈꾸는) 기적의 수업 멘토링,,,
좋은 교사 되기,,,
교직과 교사의 전문적 자본 : 학교를 바꾸는 힘,,,
(교사의 성장을 돕는)수업 코칭,,,
교사학습공동체,,,
(2003년 개정판)학교재무 회계실무편람,,,
교육경제학,,,
뭘 해도 괜찮아 [2017 국어과R&T],,,
희망의 학교를 꿈꾸다,,,
빛깔이 있는 수업 만들기.3,,,
(혁신학교 성장기)같이 가자! 혁신학교.1,,,
"행복도시 세종, 혁신교육으로 디자인하다",,,
학교를 개선하는 교장,,,
또래중조 갈등 해결의 이론과 실제,,,
(2003년 개정판)학교기록물관리와 사무관리편람,,,
"학교 공간, 어떻게 바꿀 수 있을까?. : 가고 싶은 학교 만들기 프로젝트",,,
교실 속 자존감,,,
학급긍정훈육법,,,
(친절하며 단호한 교사를 위한)학급긍정훈육법,,,
대학생활과 교양,,,
Activities for teaching Science as inquiry,,,
재난에서 살아남기,,,
재난에서 살아남기.2,,,
(대한민국)학교대사전,,,
학생자치를 말하다,,,
"십대, 지금 이 순간도 삶이다",,,
(친절하며 단호한 교사를 위한)학급긍정훈육법,,,
교실 평화 프로젝트,,,
(갈등 전환과 공동체 구축을 위한) 회복적 서클 가이드 북,,,
대학진학을 뜻하는 젊은이에게,,,
"연극영화과, 나도 갈 수 있다!",,,
학과선택의 길잡이,,,
(칙센트미하이의)어른이 된다는 것은,,,
MT물리학,,,
MT건축학,,,
이 책 읽고 원하는 대학가자!,,,
MT 경영학,,,
MT 교육공학,,,
MT 음악학,,,
MT 한의학,,,
MT 환경공학,,,
MT 언론정보학,,,
MT 약학,,,
MT 영화학,,,
MT 생명공학,,,
MT 의류학,,,
MT 천문학,,,
MT 법학,,,
MT 화학,,,
MT 영어영문학,,,
MT 컴퓨터공학,,,
MT 정치외교학,,,
"10년후, 나를 디자인 하다",,,
MT건축학,,,
MT물리학,,,
(국가대표 공학도에게) 진로를 묻다,,,
"꿈, 지금 꼭 정해야 하나요 [2016 연구학교]",,,
행복한 진로교육 멘토링,,,
서울대 8인의 진로 콘서트,,,
"진로, 이야기를 만나다",,,
누가 뭐래도 내 길을 갈래,,,
이제는 대학이 아니라 직업이다,,,
교육공학원론,,,
학습혁명,,,
신문 살아있는 교과서,,,
나는 대한민국의 교사다,,,
(조벽 교수의)인재 혁명,,,
(조벽 교수의)강의 노하우&노와이,,,
나는 대한민국의 교사다,,,
"수업 고수들, 수업·교육과정·평가를 말하다",,,
수업의 완성,,,
질문이 있는 교실,,,
마음챙김 교수법으로 행복 가르치기 : 교사와 학생 모두가 행복해지기 위한 마음챙김 실천서 [2015년 국어과],,,
인성이 실력이다 [2015년 국어과],,,
침묵으로 가르치기,,,
수업 고수들:수업.교육과정.평가를 말하다 [2016 연구학교],,,
교육과정-수업-평가 어떻게 혁신할 것인가 [2016 연구학교],,,
국어시간에 신문읽기 [2016 국어과].1,,,
교사 선생이 되다 [2016 체육과],,,
최고의 수업,,,
교실 속 평화놀이,,,
(학교를 바꾸고 학생의 올바른 성장을 돕는)교육과정-수업-평가-기록 일체화,,,
수업 코칭,,,
(EBS 선생님이 달라졌어요)내 아이를 위한 최고의 수업,,,
나는 수업하러 학교에 간다,,,
교사의 마음리더십,,,
교육과정-수업-평가 어떻게 혁신할 것인가 [2016 연구학교],,,
(학교를 바꾸고 학생의 올바른 성장을 돕는)교육과정-수업-평가-기록 일체화,,,
교육과정-수업-평가 어떻게 혁신할 것인가 [2016 연구학교],,,
공부의 철학,,,
모두가 참여하는 수업에는 법칙이 있다,,,
교사의 마음리더십,,,
"비주얼씽킹, 스토리로 말하라",,,
(모든 선생님에게 제안하는)좋은 수업 만들기,,,
수업 방해,,,
(책따세와 함께하는)책쓰기 교육,,,
대학에 가는 AI vs 교과서를 못 읽는 아이들,,,
미래교육 인사이트,,,
배움의 공동체 : 손우정 교수가 전하는 희망의 교실 혁명,,,
"사토 마나부, 학교개혁을 말하다",,,
교육과정-수업-평가-기록 일체화. : 실천편,,,
토론이 된다 논술이 된다,,,
토론이 된다 논술이 된다,,,
토론이 된다 논술이 된다,,,
"글로벌 인재,토론이 답이다",,,
(술술 풀리는)PBL과 액션러닝,,,
거꾸로교실,,,
수업 시작 5분을 잡아라,,,
북유럽 교육 기행 : 다르지만 다르지 않은 행복한 학교 [2016 체육과],,,
"수업 도시락, 성찰과 협력을 담다",,,
"수업성숙도, 교사의 강점을 담다",,,
메이커 교육,,,
행복한 교실 수업을 위한 비주얼 씽킹 교과서,,,
체인지메이커 교육,,,
이연택 교수의 토론의 기술,,,
(쇼펜하우어의)토론의 법칙,,,
교실 토론의 방법,,,
"노란잠수함,책의 바다에 빠지다",,,
1% 리더만 아는 토론의 기술,,,
토의·토론 수업방법 84,,,
(소통을 꿈꾸는 토론학교) 사회.윤리[2017 국어과 R&T],,,
(공감을 배우는 토론학교) 문학 [2017 국어과 R&T],,,
(내일을 읽는 토론학교) 역사 [2017 국어과 R&T],,,
(정답을 넘어서는 토론학교)과학 : 토론으로 들여다 본 과학의 두 얼굴 [2017 국어과 R&T],,,
토론이 수업이 되려면,,,
(생각하는 십대를 위한)토론 콘서트-법,,,
(생각하는 십대를 위한)토론 콘서트-법,,,
"프로젝트 수업, 교육과정을 만나다",,,
"프로젝트 수업, 배움을 디자인하다",,,
OPEN!e-러닝시대,,,
(입학사정과 사로잡기)대입 자기소개서,,,
상위 1% 아이를 만드는 행복한 NIE 교과서,,,
국어시간에 신문읽기 [2016 국어과].2,,,
(상위 1퍼센트 아이를 만드는)행복한 NIE 교과서,,,
블렌디드 [2017 정보과 AR],,,
"보드게임, 교육과 만나다",,,
국어시간에 신문 읽기.1,,,
국어시간에 신문 읽기.2,,,
NIE 어떻게 가르칠 것인가,,,
디지털 시대 NIE 이해와 활용,,,
(아이의 마음을 읽는)영화 수업,,,
유튜브는 책을 집어삼킬 것인가,,,
유튜브는 책을 집어삼킬 것인가,,,
(교사가 진짜 궁금해하는) 온라인 수업,,,
선인들의 공부법,,,
생각기술,,,
生생 공부비법,,,
온종일 공부하고 2등 하는 아이 신나게 놀고 1등 하는 아이,,,
공부하기 싫을때 읽는 책,,,
(존 맥스웰)생각의 법칙 10+1,,,
(다음 카페 10만명이 열광하는)김성민의 수능 뽀개기,,,
옛사람 59인의 공부 산책,,,
생각은 힘이 세다,,,
공부9단 오기10단,,,
하버드 VS 서울대,,,
누가 뭐래도 우리는 민사고 특목고 간다,,,
오르비 회원들의 공부방법,,,
가난하다고 꿈조차 가난할수는 없다,,,
10살전 꿀맛 교육,,,
공부하는 독종이 살아남는다,,,
"공부,피할 수 없다면 즐겨라!",,,
기적의 아키타 공부법,,,
핀란드 공부법,,,
"공부의 달인, 호모쿵푸스",,,
공부는 내 인생에 대한 예의다,,,
질문형? 학습법!,,,
서울대 합격생 100인의 노트 정리법,,,
현근이의 자기주도 학습법,,,
박철범의 하루 공부법,,,
(청소년을 위한 )진로교과서 : 입학사정관제의 진로와 자기소개서에 관한 모든것,,,
나는 공짜로 공부한다,,,
공부의 달인-물리100점의 비밀 조창웅,,,
(잠수네 아이들의) 소문난 교육로드맵,,,
"수업, 비평의 눈으로 읽다",,,
7번 읽기 공부 실천법,,,
공부가 좋아지는 허쌤의 공책 레시피,,,
마음챙김 학습의 힘 [2015년 국어과],,,
(운명을 바꾸는)공병호의 공부법,,,
"세계명문학교, 1％ 인재들의 공부법",,,
천재들의 공부법,,,
(EBS)공부의 왕도,,,
(박철범의)하루 공부법.1 : 공부법 편,,,
강성태 66일 공부법,,,
공부자존감,,,
일곱살 자기주도학습이 평생성적을 결정한다,,,
(청소년을 위한)스토리텔링 교과서,,,
(수시 70퍼센트 정시 30퍼센트 시대의)공부법을 부탁해,,,
완벽한 공부법,,,
배우는 방법을 배워라,,,
생각 정리 공부법,,,
공부에 미친 사람들,,,
공부의 미래,,,
공부의 미래,,,
하브루타 4단계 공부법,,,
(인지심리학자 김경일 교수가 제안하는)십 대를 위한 공부 사전,,,
메타인지 학습법,,,
1등은 당신처럼 공부하지 않았다,,,
완전학습 바이블,,,
완전학습 바이블,,,
공부는 절대 나를 배신하지 않는다,,,
공부는 절대 나를 배신하지 않는다,,,
공부는 절대 나를 배신하지 않는다,,,
압축 공부,,,
압축 공부,,,
생각을 키우는 이야기,,,
아름다운 참여,,,
엄마와 떠나는 행복한 체험학습 교과서,,,
교육평가의 이해 2판 [2016 국어과],,,
교육평가 3판 [2016 국어과],,,
한샘 Bible 구술면접,,,
"(각종 입사,취직 시험 고득점 합격을 위한)다각적 모범예문 100제 자기 소개서",,,
"심층 면접,구술 바이블 상.1",,,
"심층 면접,구술 바이블 하.2",,,
구술의 신1.1,,,
구술의 신2.2,,,
나는 수시로 대학간다,,,
구술의 신1 [1].1,,,
구술의 신2 [2].2,,,
나는 수시로 대학간다,,,
서술형 평가 ROAD VIEW 사회교과,,,
"헬퍼 나,이렇게 소개하자!",,,
(EBS)대입 자기소개서 바이블,,,
2014학년도 대입정보 119,,,
자연계열 면접의 정석 [2015년 국어과],,,
수업중심 교육평가 : 더 나은 수업을 위한 평가의 역할 [2016 국어과],,,
굥규평가의 기초 2판 [2016 국어과],,,
형성평가 101가지 기법,,,
2019 Top10 대학을 위한 대입심층면접 수리계열 모의평가 (2018년),,,
IB 디플로마 시험 가이드,,,
(배움을 확인하고 성장을 지원하는)과정중심평가,,,
STEAM 교육론,,,
"달라진 수업, 행복한 학교",,,
교육과정 콘서트,,,
교육과정에 돌직구를 던져라,,,
수업을 비우다 배움을 채우다,,,
창의적 문제해결 방법론,,,
(4차 산업혁명 시대 창의융합형 인재 양성을 위한)소프트웨어 교육의 이론과 실제,,,
(함께 웃고 떠들며 배우는)독서토론논술 수업 [2016 국어과],,,
숲과 자연교육,,,
가치를 꿈꾸는 과학,,,
과학시간 종이 울리면,,,
과학 수업시간에 해보는 과학연극,,,
Handbook of Research on Science Education.2,,,
교토대 과학수업,,,
과학교육론,,,
과학이 열리는 책 읽기,,,
Handbook of Research on Science Education.1,,,
"스프레스시트를 이용한 수학, 과학 융합학습의 실제",,,
참탐구를 위한 천체 관측 활동,,,
수학교육에서 수학적 과정 및 교과 역량,,,
운동하는 아이가 행복하다,,,
국어과 교육과정론,,,
삶을 위한 국어교육,,,
이데올로기와 대화 그리고 작문교육의 새로운 패러다임,,,
이데올로기와 대화 그리고 작문교육의 새로운 패러다임 [2016 국어과 R&T],,,
4차 산업혁명과 미래 영어교육,,,
청소년 문학교육론,,,
한국 문학교육론의 방법과 실천,,,
위험한 교과서,,,
역사 교실,,,
열린 지리수업의 이론과 실제,,,
"TV뉴스, 교과서에 출연하다 1 :국토와 지리, 자연환경과 생활.1",,,
"TV뉴스, 교과서에 출연하다 2 :생활공간의 형성과 변화,환경문제와 지역문제 문화권과 지구촌.2",,,
"TV뉴스, 교과서에 출연하다 3 :시민사회와 민주시민, 정치생활과 국가, 국민경제와 합리적 선택.3",,,
"TV뉴스, 교과서에 출연하다 4 :공동체생활과 사회발전, 사회변동과 미래사회.4",,,
"TV뉴스, 교과서에 출연하다 5:부록.5",,,
아이의 사생활,,,
"언플러그드 플레이 : 게임기 없이, 컴퓨터 없이, 진짜 재미를 찾아서(2014 정보과 R&T)",,,
"(그림책을 활용한)주제환상극 놀이 프로그램 ; 정서지능, 마음이론 향상 프로그램 [2016 교양교과 R&T]",,,
(창의적인 문제해결력과 전뇌발달을 위한)과학 주제중심 다중지능 통합교육,,,
1등 영재들의 창의력 올림피아드,,,
학급 경영 멘토링,,,
평가란 무엇인가,,,
돼지가 있는 교실,,,
삐에로 교수 배종수의 생명을 살리는 수학,,,
"학교야, 체육하자",,,
(그림책으로 시작하는 아이교육)그림책을 보고 크는 아이들,,,
"이오덕,아이들을 살려야 한다",,,
행복을 배우는 경제수업,,,
미국 명문대학 입학 기술,,,
선생님 진로상담이 필요해요,,,
더 볼트 칼리지 커리어 바비블,,,
국어의 기술,,,
"남과 여.1 : 끌림, 무의식의유혹",,,
남과 여.2 : 사랑의 동상이몽,,,
"남과 여.3 : 결혼 안 하는 남자, 결혼 못 하는 여자",,,
조부모의 재발견.1,,,
조부모의 재발견.2,,,
문학키워드 감상 [2015년 국어과],,,
"과학교사, 교과서를 버리다. : 교과서 없이 자기주도학습을 이끄는 수업",,,
파워풀한 교과서 과학 토론,,,
파워풀한 교과서 과학 토론,,,
중학생 국어 공부법,,,
당신의 교육과정-수업-평가를 응원합니다,,,
당신의 교육과정-수업-평가를 응원합니다,,,
자연과 교육2,,,
서울과학고등학교5년사,,,
선생님 우리 연극해요,,,
서술형 평가 Road View 국어교과 [2016 국어과],,,
"(입학사정관이 꼭 읽고 싶은)특목고, 자사고 자기소개서",,,
이것이 과학고다,,,
"토토,모리를 만나다",,,
(대학별고사 헬퍼)자연계 심층면접,,,
최신경향 자연계 구술면접,,,
"실업계, 얌순이들의 보고서",,,
(학생부 종합전형을 대비한)학교생활 기록부 및 자기소개서 작성법,,,
최적의 단권화 법과 정치,,,
올리드 : 내신 잡는 필수 개념서 통합사회,,,
한끝 고등 통합사회,,,
재일조선인과 조선학교,,,
재일조선인과 조선학교,,,
조선학교 이야기,,,
조선학교 이야기,,,
깨지지 않는 계란,,,
대학서열깨기,,,
대학이 망해야 나라가 산다,,,
지식혁명 시대의 교육과 대학,,,
(사진으로 보는)세계의 명문 대학,,,
합격자소서 X파일,,,
350제 대학으로 가는 구술면접,,,
세계적 명문 대학,,,
(사진으로 보는)세계의 명문 대학.[3] : 미국 동부편,,,
세계명문대학 100 가이드,,,
유학과 해외 체험,,,
인포그래피 나의 길 VOL.1 DISC 1.1 : 1,,,
인포그래피 나의 길 VOL.1 DISC 2.1 : 2,,,
인포그래피 나의 길 VOL.1 DISC 3.1 : 3,,,
인포그래피 나의 길 VOL.2 DISC 1.2 : 1,,,
인포그래피 나의 길 VOL.2 DISC 2.2 : 2,,,
인포그래피 나의 길 VOL.2 DISC 3.2 : 3,,,
인포그래피 나의 길 VOL.3 DISC 1.3 : 1,,,
인포그래피 나의 길 VOL.3 DISC 2.3 : 2,,,
인포그래피 나의 길 VOL.3 DISC 3.3 : 3,,,
2006 R&E 결과보고서,,,
바른 교육을 생각하며,,,
"수시 전형 70% 시대, 자기소개서로 승부하라",,,
자소서의 신이 만든 만점 학생부,,,
"대입면접 10분드라마, 합격을 부른다",,,
(내신 3등급도 서울대 가는 이공계 특성화 전략)R&E,,,
최고 가치창출대학으로 : 포스텍 30년의 전환점에서,,,
대한민국 교육경제 해법,,,
(장기영의) IB로 명문대 가기,,,
독서로 완성하는 학생부 실전 워크북,,,
독서로 완성하는 학생부 실전 워크북,,,
(2017)대학 구술면접의 모든 것,,,
(2017)대학 구술면접의 모든 것,,,
(2017)대학 구술면접의 모든 것,,,
(2017)대학 구술면접의 모든 것,,,
(EBS) 대입자기소개서 바이블.[1],,,
EBS 대입자기소개서 바이블.[2] : 실전편,,,
(명문대가 뽑아주는)대입 자기소개서 추천서,,,
대학이 희망이다,,,
대학의 역사,,,
비싼 대학,,,
나는 하버드생이다,,,
"한국의 학벌, 또 하나의 카스트인가",,,
대학생활의 설계,,,
대학생활과 학문,,,
서울대 기숙사,,,
최고의 공부,,,
불안 위에서 서핑하기,,,
대학생은 처음이라,,,
대학생은 처음이라,,,
1968년의 목소리,,,
서울대에서는 누가 A+를 받는가,,,
(학생부와 통하는)대입자기소개서,,,
서울대 수시 합격생 자소서 모음집 ver. 1.0,,,
서울대 수시 합격생 자소서 모음집 ver. 2.0,,,
(입학사정관과 입시전문가가 밝히는)학생부와 자소서 독서활동의 진실,,,
"(수시전형 70％시대,)자기소개서로 승부하라",,,
대학입학전형 사용설명서,,,
짱짱한 대입면접,,,
독서로 완성하는 학생부,,,
독서로 완성하는 학생부,,,
"대입수시전형, 자기소개서로 승부하라",,,
청소년을 위한 과학 기술 학과가이드,,,
청소년이 꼭 알아야 할 과학문명의 역사2.2,,,
청소년이 꼭 알아야 할 과학문명의 역사1.1,,,
청소년을 위한 과학 기술 학과가이드,,,
대학원생 때 알았더라면 좋았을 것들,,,
대학원생 때 알았더라면 좋았을 것들,,,
대학원생 때 알았더라면 좋았을 것들,,,
가자! 미국 유학,,,
"쌍둥이 형제, 하버드를 쏘다",,,
(최고의 유학 전문가 콜린 박의)미국 유학 파일 101,,,
(입학사정관이 놓칠 수 없는)대학으로 가는 자기소개서 (2013년),,,
입학사정관이 탐내는 자기소개서,,,
(명문대가 뽑아주는)대입 자기소개서 추천서,,,
(최강쌤과)자기소개서 달인 되기,,,
(In)서울대 수시 합격생 자소서 모음집,,,
(입학사정관의 마음을 훔치는)대입 자기소개서,,,
(2014)대입 자기소개서,,,
연고대 자기소개서 열전,,,
하버드 입학 에세이 50,,,
(최고의 유학 전문가 콜린 박의)미국 유학 파일 101,,,
"모든 이가 스승이고, 모든 곳이 학교다",,,
인간의 두얼굴 시즌 1 [2016 인문감성 프로그램].1-1 : 상황의 힘,,,
인간의 두얼굴 시즌 1 [2016 인문감성 프로그램].1-2 : 사소한 것의 기적,,,
인간의 두얼굴 시즌 1 [2016 인문감성 프로그램].1-3 : 평범한 영웅,,,
인간의 두얼굴 시즌 2 [2016 인문감성 프로그램].2-1 : 착각의 진실,,,
인간의 두얼굴 시즌 2 [2016 인문감성 프로그램].2-2 : 아름다운 세상,,,
인간의 두얼굴 시즌 2 [2016 인문감성 프로그램].2-3 : 긍정적 착각,,,
믿을만큼 자라는 아이들,,,
하예린이 꿈꾸는 학교 반쪽이가 그린 세상,,,
부모가 변해야 자녀가 바뀐다,,,
세계 명문가의 자녀교육,,,
엄마 학교,,,
엄마 학교 이야기,,,
대한민국 부모,,,
(칼 비테의)공부의 즐거움,,,
(데이터가 뒤집은)공부의 진실,,,
부모코칭 프로그램 적극적인 부모역할 now!-지도자용 지침서,,,
부모코칭 프로그램 적극적인 부모역할 now!-부모용 지침서,,,
엄마의 말 공부.1,,,
엄마의 말 공부.2,,,
교사와 부모 사이. : 남중 전문 교사의 아들 심리학 교실,,,
(내 아이의 미래를 위한)부모 인문학 수업,,,
"4차 산업혁명 시대, 나는 미래를 여는 부모다",,,
한아이1.1,,,
한아이2.2,,,
통합교육을 위한 고등학교 교수-학습자료,,,
2005년도 교육프로그램 결과보고서,,,
사랑이라는 청진기 하나로,,,
예쁜아이,,,
우리 성장속도는 시속 10km,,,
수화 배우는 만화,,,
영재교육,,,
최신영재교육학개론,,,
러시아 영재교육,,,
프랑스 영재 교육법,,,
영재교육을 이끈 세기의 학자들,,,
영재교육 : 심리학과 교육학에서의 조망,,,
영재의 심리학,,,
영재교육과 재능계발,,,
교사를 위한 영재교육의 기초,,,
지능과 영재교육,,,
어른이 된 영재들,,,
한눈에 보는 영재교육,,,
수학영재 핵심용어해설.1 : 수와 연산 영역,,,
과학영재교육론,,,
영재교육학,,,
영재교육의 이론과 실제,,,
(휴머니즘에 입각한)특수한 영재교육,,,
영재교육학원론,,,
영재교육의 이론과 방법,,,
국제적 우등생은 10살전에 키워진다,,,
영재교육 프로그램 평가,,,
영재교육의 새로운 이해,,,
"영재아 지도를 위한 사회적, 정서적 전략 [2016 교양교과 R&T]",,,
영재를 이해하는 부모 & 영재로 착각하는 부모 [2016 교양교과 R&T],,,
영재상담 모델[2016 교양과 R&T],,,
강렬한 삶을 살아가는 영재의 이해와 상담[2016 교양교과 R&T],,,
한국영재교육의 새로운 지평.특별호,,,
영재성의 정의와 개념.1,,,
창의성과 영재성.10,,,
영재교육 프로그램 평가.11,,,
영재교육의 공공정책.12,,,
영재 판별의 동향.2,,,
영재교육에서 집단편성과 속진.3,,,
영재 교육과정 연구.4,,,
영재를 위한 차별화 교육과정.5,,,
문화적으로 다양하고 소외된 영재학생.6,,,
장애영재와 특수영재.7,,,
"사회적·정서적 문제, 미성취, 상담.8",,,
예술·음악 영재학생.9,,,
"4차 산업혁명시대, 과학영재 어떻게 육성할 것인가",,,
영재교육의 주요 이슈와 실제,,,
경험연구에 기초한 영재교육. : 가정 교실 학교에서의 전략,,,
과학영재를 위한 창의적 활동 프로그램 : 초급편 = Hearts-on alternative science activities,,,
(Save the school)학교폭력으로부터 학교를 구하라,,,
트라이앵글의 심리,,,
이선생의 학교폭력 평정기,,,
우리 문화의 수수께기1.1,,,
우리 문화의 수수께기2.2,,,
한국의 멋맛소리,,,
(재미있는)중국의 이색풍속,,,
사생활의 역사1.1,,,
사생활의 역사3.3,,,
왼손과 오른손,,,
우리 문화의 수수께끼1.1,,,
우리 문화의 수수께끼2.2,,,
우리 문화의 수수께기1.1,,,
우리 문화의 수수께기2.2,,,
걸어다니는 민학,,,
한국문화와 한국인,,,
한국문화와 한국인,,,
관아 이야기.1,,,
관아 이야기.2,,,
(33가지 동물로 본)우리문화의 상징세계,,,
명문 종가를 찾아서,,,
(사진으로 보는)獨立運動 上.1,,,
(사진으로 보는)獨立運動 下.2,,,
(사진으로 보는)朝鮮時代 II.2,,,
(사진으로 보는)朝鮮時代 I.1,,,
(사진으로 보는)近代時代I.1,,,
(사진으로 보는)近代時代II.2,,,
(사진으로 본 조선시대)민족의 사진첩I.1,,,
(사진으로 본 조선시대)민족의 사진첩II.2,,,
(사진으로 본 조선시대)민족의 사진첩III.3,,,
우리 문화 길라잡이,,,
한국민족문화 대백과사전 (7종 입),,,
사대부 소대헌 호연재 부부의 한평생,,,
한국 전통문화 상상력,,,
(사진으로 보는)중국민속생활사Ⅰ.1,,,
(사진으로 보는)중국민속생활사Ⅱ.2,,,
(사진으로 보는)중국민속생활사Ⅲ.3,,,
"풍속의 역사 Ⅰ,풍속과 사회.1",,,
"풍속의 역사 Ⅱ,르네상스.2",,,
"풍속의 역사 Ⅲ,색의 시대.3",,,
"풍속의 역사 Ⅳ,부르주아의 시대.4",,,
공자도 명함을 썼다,,,
우리 조상들은 얼마나 과학적으로 살았을까,,,
패션의 제국,,,
패션의 역사,,,
패션의 역사,,,
중세 유럽의 복장,,,
책이 좀 많습니다,,,
젓가락,,,
식탁 위의 한국사,,,
음식문화의 수수께끼,,,
음식전쟁 문화전쟁,,,
동과 서의 茶 이야기,,,
음식혁명,,,
풍경이 있는 우리 술 기행,,,
"육식,건강을 망치고 세상을 망친다2.2",,,
"육식,건강을 망치고 세상을 망친다1.1",,,
"레오나르도 다빈치, 한 천재의 은밀한 취미",,,
다도,,,
먹거리의 역사1 [1].1,,,
먹거리의 역사2 [2].2,,,
잡식동물의 딜레마,,,
"홍차의 세계사,그림으로 읽다",,,
조선시대의 음식문화,,,
조선시대의 음식문화,,,
아침식사의 문화사,,,
한국인은 왜 이렇게 먹을까?,,,
"그림속의 음식, 음식속의 역사",,,
"중국, 중국인, 중국음식",,,
(역사학자 정기문의)식사,,,
(역사학자 정기문의)식사,,,
(알고 먹으면 더 맛있는)음식 속 조선 야사,,,
밥상을 차리다,,,
밥상을 차리다,,,
조선시대의 음식문화,,,
바나나와 쿠스쿠스,,,
빵의 지구사,,,
"평양랭면, 멀리서 왔다고 하면 안 되갔구나",,,
한국의 부엌,,,
"역사의 치명적 배후, 성 : 상식과 몰상식을 넘나드는 인류의 욕망",,,
전래놀이 101가지,,,
(잘먹고 잘사는법)제사,,,
한국신화와 무속연구,,,
지춘상(한국민속학의 거목),,,
(두근두근) 변신 이야기,,,
백 개의 아시아.1,,,
백 개의 아시아.2,,,
조선민속사전,,,
대문위에 걸린 호랑이,,,
솟대,,,
"편도나무야, 나에게 신에 대해 이야기해다오",,,
쑥국새 이야기,,,
일대종사,,,
국어설화연구,,,
한국의 설화,,,
도깨비를 물리친 농부.4,,,
러시아 민화집,,,
(읽으면서 바로 써먹는)어린이 속담,,,
속담이야기,,,
동양인의 의식구조,,,
신한국인,,,
배꼽티를 입은 문화.2,,,
(문화인류학 3부작)식인과 제왕,,,
(문화인류학 3부작)음식문화의 수수께끼,,,
(문화인류학 3부작)문화의 수수께끼,,,
원형의 유혹,,,
문화의 이해,,,
작은 인간,,,
"총,균,쇠[독서 마일리지 추천도서]",,,
호모 루덴스 : 놀이하는 인간,,,
요리 본능,,,
어제까지의 세계,,,
"총,균,쇠[독서 마일리지 추천도서]",,,
호모 루덴스,,,
"총,균,쇠[독서 마일리지 추천도서]",,,
"Guns, germs, and steel : The Fates of human societies [2016 영어과]",,,
울트라 소셜,,,
"뇌의 진화, 신의 출현",,,
나는 일본 문화가 재미있다,,,
한국민족문화대백과사전 사용안내서,,,
심리학의 군사적 활용,,,
심리학의 군사적 활용,,,
만약에1,,,
미술관에서 만난 전쟁사,,,
국방정책 변천사,,,
2014 국방백서,,,
전쟁론,,,
"6.25전쟁, 그리고 위대한 비상",,,
(한 권으로 보는)전쟁사 101장면,,,
(한국전쟁전투사)횡성전투,,,
(한국전쟁전투사)노전평전투,,,
(한국전쟁전투사)교암리전투,,,
(한국전쟁전투사)충주-점촌전투,,,
(한국전쟁전투사)단양-의성전투,,,
(한국전쟁전투사)저격능선전투,,,
(한국전쟁전투사)양구전투,,,
(한국전쟁전투사)금성전투,,,
(한국전쟁전투사)현리전투,,,
(한국전쟁전투사)수도고지·지형능선전투,,,
(한국전쟁전투사)진천-화영장 전투,,,
(한국전쟁전투사)임진강전투,,,
(한국전쟁전투사)안강·포항전투,,,
(한국전쟁전투사)평양탈환작전,,,
대비정규전사,,,
"점령정책,노무운용,동원",,,
(월남전쟁연구)월남파병과 국가발전,,,
전쟁의 원인,,,
중공군의 전략전술 변천사,,,
려요(麗遼)전쟁사,,,
고구려 대(對)수(隋)·당(唐)전쟁사,,,
한민족전쟁통사Ⅰ.1,,,
한민족전쟁통사Ⅲ.3,,,
한민족전쟁통사Ⅳ.4,,,
전쟁과 기상 상.1,,,
전쟁의 역사,,,
최진기의 끝내주는 전쟁사 특강.2 : 세계 편,,,
최진기의 끝내주는 전쟁사 특강.1 : 한반도 편,,,
극한의 경험,,,
(토크멘터리 전쟁사 이세환 기자의)밀리터리 세계사.1 : 고대편,,,
(토크멘터리 전쟁사 이세환 기자의)밀리터리 세계사.1 : 고대편,,,
조선의 무기와 갑옷,,,
기계화 보병,,,
역대병요(Ⅰ).1,,,
역대병요(Ⅱ).2,,,
역대병요(Ⅳ).4,,,
역대병요(Ⅴ).5,,,
병학지남연의(Ⅰ).1,,,
병학지남연의(Ⅱ).2,,,
병학지남연의(Ⅲ).3,,,
